37.290000,34.040000,35.190000,31.450000,33.730000,33.500000,36.500000,37.960000,38.550000,34.440000,43.220000,40.810000,44.440000,41.150000,48.840000,56.480000,54.370000,55.030000,47.790000,46.450000,45.880000,42.880000,41.430000,41.540000,42.040000,42.130000,40.370000,37.320000,37.020000,39.110000,47.230000,50.080000,49.230000,54.220000,54.250000,56.740000,59.760000,60.260000,58.760000,55.680000,51.850000,46.230000,44.430000,46.240000,42.120000,41.470000,36.760000,40.480000
38.390000,37.790000,36.250000,35.960000,29.900000,27.250000,28.310000,22.970000,27.960000,30.620000,43.020000,42.570000,46.940000,44.590000,41.580000,47.510000,43.530000,45.830000,45.110000,44.210000,46.340000,46.580000,41.150000,40.280000,42.700000,44.410000,39.660000,37.310000,38.490000,34.970000,31.360000,35.840000,34.840000,38.590000,32.270000,30.450000,37.710000,41.970000,41.410000,42.620000,41.700000,37.700000,39.860000,35.860000,37.340000,38.940000,46.210000,48.330000
42.360000,29.090000,19.580000,21.480000,23.400000,19.690000,28.500000,28.140000,29.150000,30.350000,38.840000,39.750000,44.750000,39.830000,42.180000,49.620000,46.610000,48.930000,50.130000,49.260000,49.500000,48.360000,44.500000,43.680000,42.580000,39.590000,35.120000,34.840000,34.760000,34.720000,26.980000,28.950000,34.520000,39.040000,43.980000,47.150000,48.190000,48.110000,47.680000,48.010000,49.060000,45.940000,48.630000,46.470000,44.900000,44.700000,26.950000,20.660000
18.110000,17.630000,18.560000,22.130000,26.620000,26.450000,19.290000,21.900000,21.440000,21.820000,22.990000,23.240000,12.450000,26.060000,15.290000,32.740000,32.200000,37.200000,38.360000,38.520000,38.100000,39.500000,44.000000,44.820000,43.730000,44.340000,42.460000,40.300000,39.140000,38.830000,38.120000,40.820000,40.760000,42.400000,47.480000,45.620000,49.570000,52.320000,56.040000,55.700000,54.410000,54.410000,47.320000,41.270000,40.750000,40.290000,36.720000,38.930000
38.160000,36.470000,34.500000,36.790000,34.920000,35.530000,41.730000,42.540000,41.950000,44.870000,44.380000,47.820000,46.290000,41.740000,35.950000,40.560000,38.220000,41.970000,44.780000,45.290000,45.980000,44.180000,43.500000,44.610000,48.650000,49.570000,50.320000,48.330000,45.900000,42.580000,40.400000,45.640000,50.440000,53.640000,57.380000,61.760000,64.240000,63.620000,58.600000,57.330000,55.520000,51.870000,49.630000,49.160000,42.370000,37.350000,46.580000,47.840000
27.080000,24.610000,23.630000,25.440000,22.840000,22.780000,19.670000,20.160000,26.450000,26.830000,40.170000,42.660000,48.120000,40.990000,33.260000,44.650000,49.050000,50.100000,50.240000,50.250000,49.230000,47.890000,34.480000,38.090000,43.830000,41.490000,38.810000,37.340000,39.310000,39.300000,40.170000,37.080000,34.100000,44.110000,51.930000,55.360000,54.220000,51.630000,50.110000,52.310000,50.490000,50.300000,43.290000,40.320000,39.580000,34.490000,33.510000,25.800000
27.820000,30.760000,33.270000,37.770000,35.970000,34.680000,31.380000,31.470000,34.170000,32.730000,42.950000,44.060000,45.990000,48.440000,51.540000,56.230000,49.850000,52.100000,50.010000,46.330000,47.530000,44.850000,40.750000,43.270000,44.690000,42.580000,37.400000,35.850000,35.460000,35.400000,42.560000,47.750000,51.490000,56.970000,67.630000,67.420000,70.910000,67.250000,59.760000,56.330000,54.550000,49.000000,43.760000,37.580000,37.760000,39.710000,32.940000,42.850000
39.050000,26.320000,39.320000,36.970000,34.370000,33.950000,35.300000,35.040000,37.010000,31.350000,40.800000,37.430000,41.940000,41.020000,47.730000,53.220000,40.860000,40.470000,39.300000,39.910000,40.020000,39.290000,35.990000,35.650000,35.870000,33.460000,35.840000,36.960000,35.100000,33.490000,33.480000,29.210000,28.260000,35.780000,39.790000,43.150000,46.170000,48.230000,39.230000,44.150000,39.170000,34.980000,36.450000,34.560000,32.140000,34.770000,36.740000,41.690000
34.810000,30.290000,29.130000,19.530000,18.590000,16.790000,16.170000,14.970000,13.050000,12.940000,9.280000,10.210000,10.200000,10.590000,12.300000,26.660000,19.980000,25.340000,24.540000,26.420000,27.220000,25.500000,24.590000,23.340000,23.790000,23.330000,20.090000,20.080000,19.330000,20.140000,18.960000,22.140000,19.740000,27.460000,32.160000,40.240000,40.880000,39.210000,43.610000,43.800000,42.840000,39.240000,32.910000,31.080000,33.710000,25.130000,37.120000,17.730000
36.680000,18.720000,34.350000,32.960000,33.240000,29.600000,26.230000,26.840000,27.710000,26.180000,26.560000,24.900000,26.760000,24.840000,9.990000,27.360000,21.010000,34.350000,20.840000,21.850000,17.530000,15.320000,17.440000,15.850000,15.700000,16.190000,18.390000,18.110000,16.620000,15.840000,14.350000,17.780000,16.340000,23.290000,35.110000,42.250000,43.560000,45.840000,50.820000,51.060000,52.710000,50.640000,47.830000,42.030000,41.520000,36.860000,39.810000,26.840000
27.550000,30.620000,33.640000,31.850000,31.790000,32.060000,35.100000,33.610000,38.070000,23.680000,44.250000,29.460000,33.480000,38.860000,27.950000,49.190000,53.480000,55.680000,44.750000,43.720000,47.640000,45.980000,48.040000,46.530000,46.520000,45.630000,45.920000,43.980000,47.560000,49.030000,80.380000,83.820000,85.740000,100.050000,115.200000,125.840000,151.030000,154.140000,118.000000,117.820000,112.400000,91.900000,66.650000,55.860000,61.970000,51.140000,67.090000,47.570000
43.440000,40.220000,33.780000,31.970000,31.300000,33.610000,34.030000,33.140000,36.410000,35.450000,43.050000,55.050000,66.400000,70.190000,92.090000,101.990000,90.000000,89.530000,77.540000,74.820000,72.940000,69.020000,70.660000,72.020000,67.750000,65.200000,77.270000,71.930000,73.400000,73.860000,110.620000,131.030000,135.440000,191.080000,320.850000,327.060000,510.880000,476.040000,221.530000,207.880000,165.940000,127.070000,78.200000,69.080000,71.820000,58.980000,49.160000,41.600000
45.020000,44.050000,41.270000,39.320000,36.660000,37.480000,35.610000,34.230000,35.640000,35.390000,34.070000,30.750000,34.200000,42.510000,53.750000,64.070000,51.810000,51.950000,55.290000,55.930000,57.450000,53.510000,43.580000,41.380000,40.360000,39.730000,37.730000,36.690000,36.990000,36.720000,34.110000,35.230000,36.180000,41.610000,41.930000,44.010000,44.540000,44.900000,43.360000,47.290000,47.670000,40.150000,44.780000,38.640000,39.060000,37.110000,32.530000,28.530000
28.920000,28.620000,30.280000,30.770000,29.260000,28.580000,27.480000,27.420000,31.390000,29.030000,46.690000,42.420000,42.440000,47.570000,37.340000,51.170000,44.980000,43.030000,40.360000,36.700000,40.430000,39.060000,34.820000,34.210000,34.850000,34.850000,36.030000,36.680000,38.500000,37.040000,43.290000,43.140000,42.660000,47.600000,47.680000,48.180000,51.140000,51.510000,42.750000,41.780000,40.680000,39.180000,39.630000,37.310000,40.290000,40.350000,37.140000,33.640000
22.060000,21.720000,27.230000,27.480000,27.640000,25.290000,26.360000,26.890000,31.260000,29.940000,35.520000,30.530000,41.240000,44.510000,29.670000,46.870000,43.330000,40.820000,35.620000,30.130000,34.770000,31.290000,33.630000,34.790000,32.700000,30.550000,31.890000,31.170000,32.310000,29.990000,31.460000,34.820000,37.410000,37.570000,36.860000,41.440000,43.570000,41.340000,33.310000,37.850000,38.640000,35.100000,38.200000,37.280000,36.300000,37.170000,35.350000,33.180000
28.020000,21.270000,21.070000,17.000000,18.010000,16.550000,17.070000,17.310000,22.720000,20.950000,23.400000,32.710000,33.100000,39.550000,38.570000,45.210000,45.020000,45.970000,45.110000,45.360000,45.710000,37.060000,29.460000,27.540000,27.600000,25.840000,29.490000,28.580000,29.260000,30.080000,29.570000,31.170000,32.850000,38.320000,44.700000,50.400000,50.450000,49.930000,50.060000,52.050000,53.390000,50.430000,46.950000,39.990000,34.680000,41.290000,35.510000,33.970000
24.050000,13.440000,20.060000,19.770000,28.680000,28.970000,28.190000,28.240000,28.500000,29.180000,24.000000,33.680000,35.890000,32.880000,31.610000,34.910000,30.590000,34.650000,41.770000,41.890000,39.980000,39.890000,43.260000,43.970000,44.700000,44.680000,40.710000,36.870000,35.310000,32.170000,26.830000,29.110000,28.880000,36.220000,46.130000,51.350000,54.130000,55.300000,53.560000,55.140000,54.490000,51.480000,42.840000,39.420000,42.870000,36.100000,24.560000,22.370000
26.760000,24.870000,26.200000,29.270000,29.660000,28.520000,30.860000,28.850000,32.730000,31.370000,40.520000,33.910000,29.190000,33.210000,35.760000,42.680000,39.700000,45.540000,41.650000,35.700000,38.360000,35.050000,35.600000,34.930000,31.870000,32.440000,36.040000,35.130000,34.680000,33.980000,30.580000,39.960000,38.870000,44.980000,46.580000,47.810000,51.370000,53.900000,49.020000,51.130000,51.600000,45.690000,40.230000,37.990000,43.510000,38.790000,37.430000,42.850000
41.330000,35.750000,35.960000,36.430000,39.330000,37.590000,41.740000,36.570000,38.970000,27.470000,27.230000,30.580000,30.380000,39.270000,52.340000,56.240000,53.880000,53.080000,52.250000,48.360000,41.580000,39.130000,36.370000,36.520000,38.160000,34.960000,36.050000,36.930000,36.320000,36.240000,40.590000,40.580000,41.590000,48.250000,53.000000,53.760000,54.200000,53.460000,52.450000,52.800000,45.110000,42.880000,41.830000,41.360000,39.430000,39.420000,35.140000,36.010000
39.370000,38.850000,38.930000,39.880000,40.740000,40.480000,40.580000,40.680000,40.900000,40.760000,42.900000,44.340000,47.810000,41.320000,39.470000,51.640000,46.780000,47.620000,45.360000,48.290000,50.010000,49.480000,49.750000,49.790000,51.600000,49.440000,48.950000,49.420000,46.570000,42.080000,40.670000,43.900000,41.960000,45.740000,52.170000,52.630000,52.900000,54.220000,55.520000,47.390000,44.900000,43.240000,44.270000,40.420000,38.620000,39.120000,39.660000,39.200000
31.770000,30.590000,28.910000,27.960000,26.200000,26.750000,26.630000,25.720000,27.460000,30.220000,40.180000,40.440000,39.060000,39.490000,45.900000,53.790000,52.030000,50.090000,52.130000,51.040000,46.640000,42.490000,38.800000,42.080000,40.990000,40.800000,43.630000,41.840000,42.920000,44.000000,48.490000,43.730000,49.380000,54.600000,59.350000,61.840000,64.240000,65.020000,73.080000,69.740000,61.760000,51.600000,42.520000,37.720000,37.850000,40.740000,43.090000,46.170000
44.970000,41.470000,36.000000,33.890000,26.300000,21.330000,15.120000,11.620000,13.600000,12.510000,25.870000,24.940000,32.780000,37.450000,28.840000,42.810000,48.340000,46.220000,49.220000,41.770000,41.710000,37.930000,39.980000,40.490000,37.750000,37.140000,36.490000,34.360000,28.550000,25.450000,23.650000,27.680000,37.300000,39.620000,41.240000,52.660000,55.580000,56.710000,59.110000,59.300000,58.490000,55.500000,49.820000,51.550000,45.970000,44.190000,51.070000,37.890000
44.830000,38.670000,35.950000,33.460000,34.290000,34.350000,29.640000,28.820000,27.480000,25.850000,25.980000,22.240000,19.510000,24.620000,17.460000,39.000000,31.740000,45.750000,43.190000,43.360000,43.450000,35.880000,37.820000,38.210000,37.680000,37.120000,37.760000,37.100000,35.020000,37.630000,32.640000,31.380000,34.160000,41.350000,42.180000,44.190000,49.580000,50.160000,55.550000,54.410000,53.730000,49.370000,29.940000,27.160000,36.280000,30.510000,45.590000,32.030000
19.190000,14.910000,12.250000,14.530000,9.670000,7.690000,5.760000,5.730000,6.850000,8.180000,12.300000,13.000000,14.480000,16.040000,23.440000,32.160000,28.170000,39.220000,42.140000,39.930000,40.770000,39.680000,35.430000,35.030000,35.340000,35.100000,38.010000,34.390000,36.800000,38.580000,39.000000,36.380000,38.170000,40.090000,41.880000,49.960000,46.730000,47.480000,54.760000,43.300000,44.040000,30.770000,34.930000,29.540000,32.230000,31.280000,26.780000,16.340000
20.870000,24.700000,29.140000,33.250000,32.390000,29.280000,25.610000,20.840000,22.960000,21.420000,43.760000,43.330000,50.340000,51.670000,56.390000,61.150000,58.530000,59.430000,58.440000,58.250000,58.050000,57.540000,57.380000,56.950000,56.980000,56.070000,56.990000,56.300000,57.010000,56.570000,64.860000,68.830000,64.750000,68.770000,67.500000,79.970000,86.860000,90.910000,82.480000,79.750000,76.800000,61.540000,55.560000,44.360000,52.650000,45.070000,38.580000,50.750000
50.020000,45.310000,43.660000,44.700000,43.850000,45.080000,45.650000,43.980000,45.050000,44.480000,61.140000,60.030000,65.460000,73.470000,88.570000,100.010000,88.880000,89.610000,90.310000,86.270000,84.480000,72.210000,58.680000,61.250000,63.100000,56.210000,51.920000,50.840000,54.630000,50.780000,59.070000,66.690000,62.220000,65.590000,68.790000,68.860000,72.120000,75.500000,55.510000,56.750000,63.180000,48.710000,49.540000,44.660000,47.740000,44.690000,36.030000,45.710000
44.420000,39.940000,45.400000,39.350000,37.590000,18.480000,41.440000,36.540000,37.930000,35.780000,48.290000,43.340000,49.150000,52.130000,53.340000,58.830000,50.870000,53.340000,49.460000,46.860000,51.530000,50.740000,49.720000,52.170000,50.830000,50.850000,47.220000,46.800000,46.990000,47.520000,56.860000,61.130000,59.580000,62.670000,70.180000,71.500000,70.240000,67.560000,63.000000,59.420000,58.970000,55.730000,44.860000,40.790000,40.200000,37.770000,14.500000,13.040000
15.920000,16.290000,15.660000,17.130000,16.070000,18.760000,22.320000,18.100000,20.430000,18.780000,30.160000,31.150000,42.650000,45.080000,36.460000,52.470000,64.500000,59.830000,36.840000,37.140000,42.730000,42.340000,43.040000,46.210000,45.870000,44.270000,48.980000,44.590000,39.590000,40.080000,41.720000,43.750000,43.110000,45.950000,65.950000,66.970000,62.950000,65.750000,65.150000,59.130000,52.900000,50.970000,47.940000,44.440000,44.190000,41.250000,38.860000,39.780000
39.780000,37.640000,30.830000,29.950000,24.000000,22.770000,21.340000,15.160000,15.110000,12.540000,22.160000,24.780000,39.140000,40.440000,35.640000,47.530000,42.590000,44.600000,46.410000,45.880000,49.950000,49.080000,44.530000,45.350000,45.890000,41.860000,40.400000,40.170000,42.630000,38.790000,35.440000,34.770000,31.680000,33.390000,40.000000,48.760000,48.130000,46.620000,45.940000,36.520000,34.490000,34.090000,39.890000,38.510000,40.450000,40.200000,51.200000,44.850000
35.030000,25.930000,30.160000,33.140000,27.560000,25.520000,24.840000,24.640000,33.540000,33.160000,38.080000,40.330000,41.300000,45.140000,48.790000,49.050000,49.500000,54.910000,57.590000,59.320000,58.860000,58.600000,60.870000,60.370000,61.180000,61.380000,61.490000,62.180000,61.760000,59.980000,58.330000,57.790000,59.910000,60.340000,62.390000,62.310000,60.830000,60.130000,56.330000,48.660000,50.550000,51.260000,43.080000,43.750000,42.990000,38.750000,37.140000,21.570000
18.110000,12.860000,2.670000,3.460000,0.710000,0.350000,-0.080000,-2.250000,-4.590000,-4.510000,-2.260000,-0.020000,11.370000,20.460000,25.830000,27.630000,27.740000,31.790000,29.420000,35.200000,38.450000,40.780000,51.840000,51.630000,53.240000,53.020000,55.180000,55.790000,54.400000,53.810000,60.640000,62.180000,60.730000,61.910000,66.410000,67.850000,67.050000,67.570000,63.400000,61.940000,60.510000,48.240000,44.980000,45.130000,47.250000,46.390000,50.120000,47.950000
43.160000,44.990000,44.830000,47.720000,47.080000,48.250000,47.540000,43.500000,40.570000,40.050000,45.880000,46.660000,50.110000,42.730000,40.430000,42.190000,47.620000,52.270000,50.330000,50.380000,50.460000,44.760000,41.420000,43.400000,44.510000,41.000000,40.710000,40.540000,42.490000,39.690000,39.520000,40.710000,43.040000,42.490000,42.110000,37.930000,41.380000,37.540000,41.270000,42.560000,41.670000,43.670000,43.630000,42.610000,42.620000,41.140000,40.960000,28.920000
31.370000,27.590000,20.030000,23.100000,25.200000,27.880000,31.150000,35.840000,30.640000,29.970000,41.340000,49.990000,48.690000,42.500000,35.320000,48.590000,54.070000,53.110000,53.650000,50.190000,42.850000,43.900000,39.820000,40.210000,41.800000,41.340000,39.780000,39.160000,38.840000,39.280000,41.660000,41.820000,38.570000,47.880000,51.960000,54.650000,55.310000,56.530000,56.320000,53.130000,52.470000,48.710000,46.520000,41.550000,44.950000,40.130000,43.940000,21.720000
30.250000,28.650000,32.360000,28.430000,23.640000,15.490000,25.820000,22.530000,28.290000,25.300000,31.290000,39.670000,38.780000,43.060000,40.160000,49.880000,48.260000,48.740000,48.210000,46.590000,46.710000,38.290000,30.410000,29.000000,32.400000,32.490000,37.960000,37.400000,37.390000,37.440000,37.630000,39.300000,39.840000,44.780000,49.190000,52.630000,56.930000,57.750000,62.320000,60.830000,57.630000,55.010000,45.500000,41.990000,41.670000,42.670000,42.030000,49.410000
46.310000,44.930000,41.790000,44.610000,43.690000,42.900000,30.330000,26.280000,18.390000,15.930000,23.520000,36.690000,36.830000,37.430000,32.350000,45.410000,49.580000,48.810000,49.210000,50.870000,50.340000,49.370000,44.390000,40.870000,39.000000,38.340000,39.040000,40.360000,38.410000,38.200000,46.020000,47.430000,46.490000,51.840000,59.650000,61.870000,62.900000,65.840000,76.000000,85.570000,89.070000,71.630000,60.060000,47.040000,51.500000,50.990000,53.530000,54.790000
46.370000,34.590000,28.990000,28.220000,31.100000,26.550000,27.550000,26.040000,26.830000,27.210000,37.650000,41.420000,46.460000,42.960000,47.600000,56.500000,51.480000,52.700000,47.710000,44.990000,45.750000,43.660000,39.010000,37.930000,36.900000,38.370000,38.680000,38.390000,40.030000,38.960000,39.240000,39.160000,41.790000,43.710000,44.190000,43.540000,50.010000,53.520000,52.970000,50.150000,46.830000,44.650000,40.200000,39.570000,46.600000,45.030000,49.240000,29.490000
33.330000,26.330000,27.070000,27.280000,40.520000,34.950000,41.780000,32.040000,37.850000,33.070000,30.300000,30.290000,13.240000,29.730000,32.460000,39.840000,44.720000,47.440000,54.310000,54.310000,53.430000,52.790000,51.850000,46.630000,42.450000,42.510000,44.790000,39.350000,37.400000,35.950000,38.150000,39.390000,41.380000,43.570000,54.180000,59.570000,62.460000,64.310000,64.410000,60.230000,56.270000,48.950000,48.810000,52.170000,49.260000,50.280000,51.440000,49.600000
39.000000,32.110000,39.590000,32.440000,35.300000,38.000000,32.850000,24.930000,23.940000,21.980000,15.740000,18.800000,25.760000,28.180000,34.680000,41.770000,36.920000,36.480000,40.270000,41.360000,35.130000,36.730000,38.300000,39.090000,41.290000,42.280000,42.980000,40.320000,41.630000,35.800000,32.230000,38.190000,40.260000,36.690000,39.120000,46.790000,52.900000,56.650000,59.570000,57.180000,55.320000,45.920000,43.050000,42.200000,44.680000,42.790000,46.800000,45.450000
45.320000,43.770000,44.260000,47.500000,47.020000,43.480000,36.520000,39.860000,40.120000,32.010000,45.730000,40.970000,51.830000,45.460000,62.160000,69.290000,57.970000,61.290000,54.230000,55.060000,55.500000,51.710000,39.680000,51.760000,51.160000,42.890000,39.730000,38.810000,37.960000,36.730000,41.750000,44.410000,43.480000,45.500000,47.840000,46.940000,46.810000,47.050000,43.760000,45.140000,44.320000,42.600000,40.550000,39.120000,38.950000,39.620000,24.240000,25.020000
32.220000,33.350000,39.180000,38.190000,36.560000,37.680000,47.520000,44.880000,40.220000,39.820000,54.120000,50.740000,56.830000,56.140000,68.260000,74.550000,69.830000,67.960000,65.760000,64.900000,63.260000,59.670000,51.990000,49.140000,47.520000,44.720000,41.990000,41.520000,43.530000,42.140000,44.640000,43.570000,46.180000,50.660000,49.470000,55.380000,58.920000,60.100000,56.510000,44.100000,45.490000,42.110000,38.510000,36.170000,35.760000,27.600000,10.040000,8.770000
27.750000,28.000000,28.790000,28.480000,28.070000,25.520000,31.990000,31.340000,32.000000,32.230000,33.930000,34.620000,41.030000,33.620000,28.050000,47.390000,61.400000,62.980000,53.030000,49.230000,48.470000,46.740000,53.330000,48.260000,49.870000,51.590000,50.020000,50.240000,46.540000,45.230000,51.990000,55.960000,58.790000,65.830000,68.910000,75.910000,78.260000,73.290000,67.380000,55.390000,53.160000,46.240000,44.080000,45.070000,41.100000,40.510000,22.300000,23.750000
26.000000,28.470000,31.240000,31.860000,31.320000,31.000000,37.620000,35.840000,36.200000,37.780000,45.140000,39.960000,46.510000,38.470000,27.970000,41.780000,50.580000,51.630000,44.100000,40.180000,43.790000,38.460000,32.910000,43.950000,44.000000,40.630000,40.040000,43.840000,44.840000,42.500000,45.260000,50.690000,44.820000,50.950000,56.210000,59.180000,75.460000,77.400000,68.870000,49.500000,46.100000,43.340000,52.600000,40.750000,43.840000,36.980000,32.920000,37.310000
14.690000,16.250000,29.740000,37.160000,40.280000,38.550000,39.490000,32.530000,37.420000,34.480000,40.250000,43.110000,49.220000,48.080000,45.310000,60.760000,45.520000,39.620000,45.660000,51.120000,53.370000,49.690000,32.330000,35.450000,33.750000,30.950000,42.770000,43.040000,41.880000,42.420000,46.940000,47.660000,48.410000,54.020000,60.450000,61.990000,60.270000,65.060000,60.370000,55.740000,47.750000,46.500000,45.940000,46.340000,44.860000,44.300000,47.080000,50.150000
50.540000,46.150000,41.560000,43.520000,41.810000,41.740000,37.810000,36.220000,37.260000,38.710000,40.620000,38.970000,39.140000,37.820000,38.950000,42.570000,41.770000,42.080000,40.730000,46.860000,47.790000,43.480000,41.230000,39.000000,41.970000,44.290000,42.970000,41.480000,42.180000,42.270000,45.150000,42.320000,39.040000,42.060000,54.740000,58.590000,61.230000,62.280000,59.330000,56.330000,48.110000,48.100000,53.330000,52.620000,48.360000,44.880000,39.900000,46.120000
45.500000,43.780000,45.000000,45.200000,46.730000,44.850000,44.150000,43.140000,43.300000,43.970000,45.730000,45.670000,47.560000,47.880000,42.920000,38.940000,53.240000,50.310000,50.400000,50.350000,52.860000,53.320000,49.140000,50.760000,51.530000,51.080000,50.870000,50.870000,50.550000,47.690000,52.630000,55.020000,55.760000,57.300000,65.890000,67.240000,68.610000,75.600000,62.970000,51.950000,49.720000,43.140000,39.610000,42.030000,43.530000,46.160000,52.260000,52.630000
47.160000,44.350000,42.990000,48.180000,49.360000,47.280000,44.340000,40.830000,42.350000,39.750000,44.050000,38.690000,51.000000,48.860000,59.130000,64.060000,53.480000,55.630000,48.800000,46.170000,48.960000,49.020000,46.480000,41.920000,40.820000,39.660000,39.860000,39.060000,38.970000,38.600000,42.380000,43.020000,43.170000,46.490000,49.680000,51.440000,56.470000,57.330000,52.440000,42.400000,38.360000,37.990000,35.380000,31.890000,35.180000,35.800000,22.870000,18.500000
22.740000,21.910000,23.270000,25.750000,23.490000,22.600000,26.170000,29.150000,33.200000,33.110000,29.440000,33.400000,44.680000,42.370000,37.380000,43.720000,52.800000,52.120000,52.900000,52.610000,51.160000,48.620000,46.100000,46.740000,45.450000,45.360000,45.390000,43.520000,42.350000,40.560000,38.920000,44.790000,46.310000,48.020000,51.990000,55.150000,59.280000,59.060000,53.970000,49.810000,38.320000,31.500000,37.490000,37.360000,36.310000,36.370000,39.040000,28.070000
27.660000,25.890000,22.700000,24.070000,22.750000,23.460000,24.580000,25.400000,26.650000,26.550000,33.520000,25.430000,37.760000,29.600000,33.870000,39.630000,39.700000,48.330000,51.880000,53.880000,53.130000,53.580000,58.620000,59.870000,58.580000,58.310000,57.740000,57.720000,52.290000,48.490000,43.640000,45.050000,50.290000,52.190000,59.150000,59.160000,62.210000,59.480000,46.730000,45.980000,47.850000,48.350000,42.500000,40.440000,38.180000,36.060000,43.730000,34.850000
32.140000,23.920000,27.410000,31.840000,24.100000,20.740000,20.560000,17.700000,20.090000,21.300000,28.770000,41.650000,44.640000,34.630000,32.530000,44.260000,36.000000,37.940000,37.990000,33.860000,44.620000,39.630000,40.110000,41.430000,41.860000,42.130000,38.490000,39.430000,38.810000,38.430000,36.280000,39.060000,45.840000,42.480000,44.630000,51.470000,63.150000,66.600000,60.600000,47.820000,35.760000,39.590000,38.970000,40.380000,42.220000,42.940000,49.660000,52.550000
51.970000,50.670000,48.780000,49.840000,49.780000,44.470000,45.380000,40.760000,44.610000,39.350000,43.870000,47.730000,55.180000,46.740000,54.420000,55.800000,43.930000,47.130000,40.880000,40.270000,43.380000,41.810000,44.560000,48.330000,47.770000,48.140000,50.820000,46.130000,43.130000,41.560000,45.500000,43.520000,43.960000,45.560000,41.430000,43.880000,52.460000,55.110000,48.630000,50.230000,49.070000,45.130000,49.610000,48.920000,47.070000,47.480000,55.280000,52.350000
41.500000,36.780000,23.560000,15.200000,22.530000,14.050000,13.610000,-4.580000,11.610000,1.410000,9.570000,12.220000,12.480000,22.770000,18.880000,24.820000,14.810000,27.090000,27.400000,37.130000,44.660000,42.610000,53.940000,54.650000,54.390000,56.410000,57.200000,56.290000,53.830000,52.840000,53.210000,54.110000,58.490000,61.180000,67.940000,70.800000,71.520000,74.400000,68.360000,62.600000,54.970000,54.020000,58.110000,54.630000,32.660000,20.370000,4.010000,-2.120000
12.310000,14.660000,14.520000,14.910000,10.660000,9.510000,14.030000,13.340000,18.420000,22.470000,37.170000,38.490000,45.980000,47.930000,33.910000,37.910000,37.780000,37.920000,42.620000,38.480000,34.080000,33.100000,31.060000,29.810000,35.400000,34.930000,34.800000,34.730000,34.220000,31.800000,41.710000,45.530000,42.200000,48.490000,64.640000,67.820000,68.470000,64.220000,58.290000,53.020000,44.720000,38.100000,30.700000,30.630000,31.900000,32.480000,40.500000,32.750000
33.050000,38.080000,30.860000,30.350000,27.340000,25.460000,26.760000,26.690000,34.320000,42.120000,45.430000,49.370000,56.310000,53.880000,52.910000,51.960000,57.360000,59.280000,62.660000,59.900000,58.850000,57.870000,56.510000,40.570000,37.760000,38.720000,41.990000,38.730000,41.170000,37.750000,34.590000,35.700000,35.440000,45.490000,60.420000,64.230000,60.370000,53.150000,49.920000,43.250000,40.490000,41.220000,44.400000,45.780000,42.880000,38.800000,34.800000,22.380000
28.220000,44.830000,41.850000,36.120000,34.980000,26.750000,39.480000,28.530000,30.410000,29.630000,35.010000,40.040000,35.810000,34.970000,34.770000,38.450000,36.590000,43.070000,47.080000,45.910000,43.400000,41.710000,37.520000,37.640000,44.270000,46.480000,47.230000,45.880000,47.540000,47.990000,40.750000,37.540000,45.740000,54.620000,65.890000,66.670000,66.940000,60.430000,48.110000,45.740000,43.300000,43.250000,44.390000,46.800000,44.240000,42.810000,28.510000,18.020000
22.850000,29.210000,34.600000,22.260000,9.130000,8.790000,13.850000,13.250000,16.060000,19.460000,18.940000,30.280000,44.350000,44.730000,49.260000,51.500000,50.190000,51.020000,53.930000,56.130000,55.140000,54.610000,51.360000,50.550000,49.220000,47.270000,45.870000,45.490000,43.980000,42.760000,46.890000,43.660000,39.830000,48.350000,58.130000,57.590000,50.280000,40.890000,43.210000,44.450000,44.720000,43.990000,37.260000,33.940000,34.760000,29.040000,-12.090000,-8.150000
-2.470000,0.730000,-4.520000,-9.230000,-9.560000,-9.820000,-7.030000,-7.770000,-6.340000,-5.810000,12.600000,27.270000,18.500000,36.580000,45.520000,44.410000,31.820000,32.700000,34.380000,33.450000,36.730000,38.580000,34.270000,37.770000,48.220000,43.280000,46.190000,47.140000,46.600000,42.700000,34.650000,38.060000,42.250000,60.370000,83.100000,85.690000,81.240000,66.490000,51.650000,51.860000,55.640000,53.000000,51.590000,46.740000,45.470000,42.760000,50.890000,52.030000
50.070000,45.450000,49.940000,37.240000,47.400000,29.430000,35.820000,24.470000,30.620000,24.620000,19.360000,18.530000,22.690000,29.340000,15.790000,23.870000,19.590000,28.820000,19.420000,20.370000,22.890000,26.380000,27.540000,26.170000,27.050000,25.260000,21.770000,16.950000,19.810000,22.080000,33.910000,36.580000,28.130000,35.880000,52.470000,56.000000,54.910000,49.320000,40.120000,38.210000,36.620000,37.440000,38.660000,31.790000,39.470000,29.220000,35.170000,21.230000
33.460000,38.520000,38.550000,37.670000,33.700000,32.520000,32.570000,32.040000,29.750000,37.070000,40.710000,38.860000,40.340000,23.860000,31.540000,40.590000,47.500000,51.390000,48.520000,43.750000,43.090000,42.570000,39.710000,44.570000,40.570000,40.190000,45.390000,47.490000,47.420000,45.030000,54.120000,52.590000,45.130000,64.790000,109.340000,93.270000,76.360000,71.360000,41.140000,38.990000,39.960000,36.490000,34.120000,35.610000,35.880000,32.840000,25.740000,29.950000
38.020000,44.940000,39.640000,32.820000,33.850000,33.520000,21.440000,16.610000,20.270000,21.850000,35.560000,31.440000,40.050000,41.480000,44.280000,44.280000,44.920000,44.920000,44.920000,52.490000,50.030000,44.870000,51.220000,51.230000,50.440000,48.840000,50.620000,45.520000,45.110000,41.380000,46.770000,55.770000,53.710000,68.540000,71.140000,71.290000,61.910000,58.730000,50.500000,47.200000,50.490000,50.110000,44.150000,41.070000,40.710000,40.300000,50.850000,51.000000
42.770000,44.270000,45.140000,43.800000,39.040000,39.900000,36.560000,34.800000,37.240000,34.800000,42.400000,40.860000,46.120000,42.750000,28.560000,42.270000,38.600000,41.400000,43.560000,41.140000,40.380000,39.160000,45.760000,44.820000,43.800000,44.990000,45.330000,43.810000,43.270000,41.110000,49.420000,58.770000,54.570000,84.740000,72.160000,60.700000,60.180000,54.140000,49.540000,42.620000,41.840000,40.780000,41.600000,39.670000,31.780000,27.250000,26.610000,29.580000
32.640000,32.750000,34.950000,28.010000,27.170000,26.720000,30.040000,30.600000,30.510000,32.930000,36.010000,40.200000,41.170000,47.400000,55.750000,60.290000,49.300000,45.090000,47.840000,49.020000,49.030000,39.830000,33.180000,29.130000,32.520000,33.740000,40.920000,44.650000,44.890000,39.800000,35.090000,34.630000,39.100000,48.740000,56.110000,51.910000,47.660000,48.640000,45.680000,39.470000,35.640000,43.540000,35.320000,34.170000,37.450000,36.810000,46.470000,32.760000
3.120000,4.930000,4.490000,0.130000,0.280000,-0.400000,-2.070000,-2.580000,-1.870000,-0.330000,-0.270000,16.610000,0.670000,7.730000,1.170000,5.080000,-7.320000,19.400000,31.170000,33.040000,38.700000,37.870000,38.700000,36.820000,39.290000,37.930000,45.650000,47.390000,48.850000,47.550000,44.700000,41.690000,40.680000,62.220000,67.450000,63.660000,56.840000,44.020000,32.390000,33.550000,30.960000,24.150000,18.960000,6.650000,3.360000,-5.460000,21.120000,11.170000
38.000000,40.900000,38.630000,38.070000,39.250000,36.680000,33.600000,28.160000,32.020000,31.000000,41.110000,40.070000,42.940000,45.030000,49.870000,58.690000,57.850000,55.080000,58.400000,58.540000,51.850000,48.470000,52.610000,49.080000,42.890000,41.200000,44.610000,41.180000,49.660000,45.280000,43.480000,48.220000,47.460000,53.360000,37.180000,40.280000,45.110000,47.230000,37.850000,42.560000,41.070000,30.510000,33.950000,31.280000,41.950000,34.560000,32.180000,-24.650000
32.970000,29.440000,35.950000,32.160000,30.630000,30.030000,27.670000,21.120000,21.720000,23.460000,21.480000,25.370000,25.480000,30.380000,32.020000,38.070000,26.730000,34.320000,41.720000,41.190000,40.770000,37.520000,41.220000,41.050000,34.910000,36.490000,33.090000,31.350000,32.570000,30.940000,39.220000,40.640000,38.600000,54.050000,58.230000,56.110000,55.040000,51.730000,41.740000,35.030000,29.100000,31.470000,36.820000,38.830000,37.430000,33.980000,23.790000,23.520000
24.480000,27.370000,29.600000,27.820000,28.060000,27.700000,30.680000,29.510000,31.580000,30.100000,44.760000,38.270000,48.810000,31.240000,32.450000,45.620000,44.400000,35.150000,45.610000,41.400000,38.460000,43.410000,42.960000,37.540000,40.550000,38.690000,37.750000,40.810000,42.960000,41.100000,44.550000,46.820000,43.510000,50.920000,48.390000,49.590000,54.380000,45.930000,34.390000,42.070000,42.080000,36.460000,45.150000,34.540000,38.880000,34.890000,17.920000,18.530000
30.430000,34.850000,32.000000,30.060000,38.100000,39.790000,40.420000,38.650000,38.650000,37.090000,37.280000,38.810000,54.660000,25.910000,40.730000,50.260000,47.680000,50.050000,44.650000,48.380000,49.870000,51.010000,53.950000,55.060000,53.250000,50.510000,47.920000,43.640000,48.380000,44.600000,45.600000,58.910000,49.300000,75.560000,74.210000,63.410000,63.360000,65.270000,61.950000,54.950000,45.960000,47.250000,45.830000,39.650000,30.960000,29.930000,37.490000,29.850000
41.830000,48.460000,41.420000,40.820000,36.230000,37.690000,45.880000,41.450000,43.530000,30.750000,50.700000,48.440000,53.160000,55.720000,47.980000,72.050000,58.980000,61.130000,59.850000,59.210000,55.870000,54.080000,59.570000,59.830000,59.700000,62.670000,58.690000,55.520000,58.860000,61.020000,89.340000,87.340000,81.130000,107.550000,100.250000,82.200000,79.430000,74.290000,61.620000,57.850000,53.300000,50.620000,49.030000,49.490000,51.040000,49.860000,47.830000,45.560000
39.140000,40.290000,42.900000,42.610000,41.640000,40.190000,40.070000,37.480000,40.040000,36.800000,44.600000,41.620000,56.930000,30.420000,48.810000,60.160000,55.950000,56.200000,57.580000,58.560000,59.890000,56.990000,60.190000,57.760000,57.740000,58.760000,58.970000,58.780000,56.250000,57.130000,58.100000,71.390000,70.300000,81.170000,76.430000,76.100000,64.640000,59.040000,63.140000,58.780000,58.370000,53.180000,48.320000,50.020000,51.350000,44.790000,47.870000,42.630000
42.400000,46.720000,48.340000,42.920000,45.790000,35.220000,45.350000,31.630000,48.660000,44.820000,59.260000,46.110000,52.860000,46.980000,50.750000,62.150000,70.590000,73.650000,77.280000,78.120000,79.090000,79.780000,79.360000,78.610000,79.130000,78.500000,75.490000,74.130000,73.500000,72.670000,87.950000,104.520000,107.590000,123.740000,96.750000,98.040000,100.500000,90.460000,58.180000,59.050000,52.360000,53.570000,49.640000,45.270000,48.200000,43.300000,21.420000,40.960000
18.700000,29.070000,37.770000,32.720000,32.650000,36.430000,42.770000,43.400000,44.000000,44.540000,47.290000,39.030000,54.520000,43.900000,43.890000,66.250000,65.030000,74.770000,65.670000,68.770000,69.740000,66.960000,66.610000,62.710000,62.980000,67.600000,60.620000,56.920000,55.390000,64.090000,84.520000,88.910000,109.130000,142.900000,124.150000,109.080000,96.780000,86.220000,52.100000,51.000000,50.690000,48.870000,47.190000,46.470000,44.640000,44.060000,44.250000,48.850000
49.540000,47.680000,46.270000,44.730000,44.640000,35.590000,27.500000,20.250000,25.050000,20.440000,19.840000,20.850000,36.390000,30.720000,41.900000,47.000000,55.060000,60.080000,53.870000,56.670000,59.990000,60.270000,70.810000,70.050000,68.290000,66.920000,64.540000,55.480000,51.510000,51.220000,41.510000,44.470000,40.000000,46.250000,47.290000,41.790000,53.200000,53.760000,38.960000,36.580000,50.060000,49.310000,46.850000,39.430000,44.460000,41.460000,12.840000,15.630000
18.490000,28.640000,13.680000,12.320000,19.170000,16.970000,22.440000,19.820000,21.840000,20.350000,24.690000,23.160000,29.940000,15.370000,39.460000,34.940000,31.720000,45.880000,32.700000,46.550000,43.610000,48.400000,50.360000,48.420000,46.890000,49.840000,47.060000,41.040000,49.440000,56.720000,55.930000,58.610000,64.700000,80.640000,105.740000,85.630000,84.090000,76.370000,55.280000,58.330000,50.620000,49.600000,49.820000,49.610000,50.290000,48.690000,36.270000,32.720000
34.150000,38.390000,44.340000,39.800000,35.320000,33.670000,34.550000,31.170000,29.290000,28.310000,28.970000,34.140000,34.800000,25.240000,27.630000,19.380000,19.500000,45.600000,37.640000,46.090000,41.730000,46.640000,40.620000,41.310000,43.740000,46.580000,44.920000,42.450000,42.410000,54.480000,120.670000,101.000000,105.060000,158.920000,211.550000,209.680000,172.730000,123.840000,93.050000,65.190000,53.990000,50.650000,46.380000,42.770000,49.060000,47.380000,39.110000,41.850000
40.000000,47.610000,45.390000,44.170000,42.810000,39.570000,45.040000,43.800000,45.490000,41.980000,56.210000,54.970000,70.370000,56.840000,86.800000,121.040000,122.860000,126.870000,151.760000,153.070000,153.240000,151.620000,159.010000,175.310000,202.880000,206.110000,190.110000,185.540000,202.210000,185.370000,216.230000,236.160000,246.380000,272.790000,241.850000,216.070000,170.350000,165.310000,67.020000,56.500000,62.060000,59.170000,51.670000,51.080000,54.450000,49.650000,36.590000,42.610000
40.100000,41.430000,36.760000,34.180000,34.560000,33.010000,33.700000,32.540000,33.650000,33.180000,32.960000,39.000000,52.060000,37.960000,37.080000,58.270000,51.640000,76.230000,71.310000,64.780000,65.720000,65.540000,61.560000,60.670000,62.930000,64.090000,64.380000,62.660000,66.860000,68.600000,78.010000,81.460000,80.230000,101.430000,94.140000,83.460000,94.620000,84.930000,79.530000,70.950000,68.290000,61.570000,47.060000,46.780000,45.930000,45.920000,46.730000,48.620000
54.360000,52.720000,49.960000,48.360000,47.590000,29.270000,31.240000,20.110000,33.210000,36.790000,45.700000,25.740000,44.250000,38.330000,77.130000,101.600000,97.110000,104.710000,90.540000,96.040000,97.050000,95.960000,79.940000,89.590000,81.870000,81.750000,94.720000,86.460000,79.010000,83.940000,84.280000,87.450000,87.260000,127.820000,99.320000,91.300000,79.950000,70.340000,63.060000,52.490000,49.060000,45.120000,53.650000,44.980000,42.800000,39.810000,13.810000,20.000000
4.130000,12.330000,9.790000,11.480000,11.280000,7.020000,23.900000,19.610000,20.080000,20.580000,40.920000,35.290000,42.770000,33.300000,26.850000,37.580000,48.650000,53.030000,47.770000,45.630000,54.270000,54.120000,49.750000,55.230000,61.240000,55.890000,57.190000,52.750000,56.390000,53.130000,43.430000,50.480000,58.640000,57.340000,58.360000,52.060000,46.870000,55.530000,47.380000,41.590000,44.080000,46.910000,37.960000,36.870000,41.220000,38.880000,35.280000,20.580000
18.550000,25.240000,25.960000,26.890000,27.240000,31.280000,33.560000,34.340000,20.230000,29.260000,34.030000,42.640000,54.520000,27.620000,32.730000,43.410000,49.670000,53.010000,50.310000,48.450000,54.630000,56.500000,57.560000,58.770000,64.010000,62.730000,55.770000,59.670000,62.050000,61.260000,47.170000,73.120000,76.580000,101.060000,98.070000,90.350000,84.720000,69.130000,68.080000,58.200000,57.470000,57.340000,61.060000,46.450000,43.580000,45.380000,53.690000,54.920000
55.080000,58.000000,58.270000,58.860000,58.310000,58.310000,55.110000,54.360000,52.030000,51.630000,50.630000,53.040000,56.040000,50.520000,48.350000,45.250000,49.110000,51.210000,51.920000,53.390000,44.960000,48.070000,49.220000,51.440000,52.160000,51.700000,51.830000,51.980000,53.270000,48.160000,49.290000,49.830000,48.680000,57.520000,66.930000,64.590000,64.320000,60.440000,57.040000,51.300000,49.740000,52.060000,51.240000,52.120000,46.860000,43.840000,42.690000,51.180000
46.860000,51.780000,53.530000,48.160000,47.380000,49.760000,47.150000,47.460000,42.820000,39.700000,41.460000,37.200000,40.040000,40.960000,44.550000,40.760000,37.740000,45.160000,51.820000,49.650000,49.770000,42.590000,43.030000,47.470000,50.860000,52.640000,52.210000,50.300000,50.960000,49.310000,55.360000,52.750000,55.410000,60.100000,61.790000,61.300000,56.290000,55.120000,40.360000,39.260000,45.640000,47.240000,43.750000,37.720000,40.940000,36.000000,16.620000,2.600000
16.120000,26.140000,26.450000,15.280000,22.130000,17.450000,24.740000,8.200000,-1.130000,0.420000,18.610000,30.550000,20.810000,18.780000,49.840000,49.180000,45.280000,42.780000,49.500000,48.710000,50.270000,47.220000,45.420000,44.770000,47.200000,49.760000,50.260000,43.590000,45.870000,50.230000,60.580000,60.450000,54.950000,62.900000,65.180000,64.520000,63.350000,58.580000,57.850000,56.980000,51.760000,54.850000,54.120000,53.010000,50.470000,52.290000,60.460000,60.170000
55.870000,53.690000,52.480000,39.880000,37.390000,38.810000,34.550000,32.380000,31.890000,29.420000,22.760000,19.820000,52.850000,45.450000,49.800000,53.390000,54.720000,59.730000,63.880000,62.550000,61.500000,53.260000,58.140000,56.030000,54.880000,55.620000,54.860000,56.290000,59.930000,62.940000,60.010000,71.380000,61.310000,70.320000,78.560000,61.270000,59.710000,59.570000,46.560000,39.240000,46.030000,52.530000,52.310000,47.890000,44.830000,48.190000,51.870000,50.810000
45.230000,48.090000,46.180000,40.000000,41.840000,29.080000,29.420000,18.930000,24.870000,14.990000,12.500000,24.080000,37.300000,25.790000,50.410000,55.740000,42.880000,48.060000,48.360000,48.660000,46.750000,47.390000,47.000000,49.540000,51.680000,52.390000,53.130000,53.490000,53.190000,53.640000,56.380000,62.030000,65.710000,68.470000,69.420000,68.920000,67.180000,66.010000,63.100000,62.100000,59.420000,55.200000,56.120000,59.190000,58.260000,58.610000,26.170000,24.570000
38.720000,44.200000,45.520000,45.080000,48.330000,48.510000,50.480000,50.110000,51.220000,51.230000,59.050000,58.590000,61.620000,47.000000,47.040000,59.790000,62.100000,64.100000,65.950000,62.660000,59.860000,60.890000,50.710000,46.150000,47.160000,50.620000,55.130000,57.030000,57.790000,58.810000,63.470000,62.630000,59.180000,64.680000,67.590000,65.340000,62.420000,49.270000,54.280000,52.570000,46.440000,47.770000,42.560000,40.340000,41.350000,38.610000,23.280000,0.250000
14.200000,21.550000,24.170000,21.470000,24.970000,22.110000,9.760000,5.950000,6.660000,8.520000,25.540000,37.550000,38.000000,42.950000,54.950000,56.300000,47.280000,50.360000,51.160000,51.370000,46.150000,46.810000,46.510000,47.690000,49.920000,49.890000,51.680000,46.340000,46.360000,44.320000,47.150000,50.270000,53.170000,58.570000,62.760000,62.230000,58.680000,56.210000,54.930000,53.710000,51.350000,52.360000,53.600000,50.180000,47.670000,51.960000,46.700000,31.860000
30.280000,25.630000,25.850000,16.370000,22.930000,5.650000,18.960000,13.490000,20.210000,27.980000,50.350000,43.250000,41.880000,49.080000,54.940000,57.600000,52.320000,55.620000,60.130000,60.890000,59.790000,57.290000,47.860000,43.170000,38.860000,41.430000,45.820000,41.710000,42.620000,41.550000,51.580000,50.280000,50.320000,60.470000,62.080000,62.530000,61.410000,52.750000,46.930000,50.160000,50.000000,50.100000,51.300000,45.860000,49.640000,47.550000,42.980000,18.450000
20.650000,25.340000,35.970000,38.930000,39.030000,27.110000,35.190000,31.820000,30.180000,31.930000,34.650000,36.840000,33.730000,40.500000,44.630000,50.020000,41.540000,52.670000,53.370000,55.260000,55.120000,55.310000,54.090000,51.000000,53.820000,50.330000,54.380000,56.190000,55.650000,49.460000,54.300000,53.960000,61.140000,66.210000,73.680000,72.800000,69.870000,62.900000,60.330000,61.560000,48.530000,38.600000,47.730000,52.160000,52.730000,50.020000,46.760000,40.200000
42.010000,51.270000,53.240000,49.770000,53.080000,53.230000,54.990000,55.630000,56.070000,56.710000,57.250000,57.200000,56.030000,45.180000,50.840000,51.870000,47.600000,42.310000,45.820000,50.070000,47.930000,46.010000,53.470000,56.600000,57.630000,58.610000,59.740000,61.040000,60.440000,60.030000,68.510000,70.300000,71.200000,74.990000,73.740000,70.030000,65.570000,65.790000,58.680000,63.300000,57.980000,52.750000,49.660000,44.860000,42.440000,37.180000,22.030000,23.830000
18.570000,17.910000,15.960000,15.560000,14.010000,11.450000,10.840000,14.840000,14.590000,12.870000,17.670000,21.360000,26.910000,27.230000,27.550000,30.780000,27.660000,27.530000,46.420000,47.890000,49.350000,47.360000,41.720000,39.740000,49.740000,51.040000,50.840000,48.260000,47.830000,48.390000,59.870000,63.520000,65.020000,67.130000,73.990000,72.600000,67.880000,67.640000,60.680000,60.810000,58.630000,55.100000,54.120000,50.260000,49.500000,51.290000,57.670000,58.360000
54.410000,57.470000,53.500000,55.360000,56.510000,55.650000,59.470000,54.110000,52.410000,47.240000,49.230000,49.360000,49.630000,53.960000,50.190000,49.820000,50.860000,51.890000,58.670000,59.190000,59.830000,60.220000,57.010000,56.240000,56.470000,55.260000,50.010000,45.540000,49.550000,53.150000,45.600000,40.900000,46.410000,48.280000,49.320000,45.770000,47.970000,47.620000,49.180000,50.530000,49.620000,51.090000,53.900000,53.140000,50.610000,49.770000,50.870000,49.720000
48.580000,50.180000,45.770000,36.200000,15.570000,9.480000,1.410000,0.730000,1.620000,1.700000,4.800000,6.170000,15.380000,22.180000,51.830000,55.970000,32.440000,32.330000,49.290000,53.160000,55.310000,56.470000,56.080000,57.340000,60.690000,60.610000,58.520000,58.490000,58.880000,56.550000,63.370000,63.910000,62.590000,67.990000,68.040000,68.960000,68.240000,66.890000,64.360000,62.720000,60.100000,61.340000,54.830000,52.220000,51.950000,52.100000,59.310000,58.530000
58.150000,58.840000,54.680000,50.700000,48.760000,51.430000,49.220000,50.750000,51.190000,49.900000,50.160000,51.820000,54.480000,54.090000,52.420000,49.140000,43.800000,57.600000,65.810000,65.680000,67.240000,66.330000,68.700000,70.150000,70.550000,70.820000,69.170000,68.150000,66.990000,67.940000,61.710000,59.400000,58.740000,58.650000,61.010000,58.870000,56.710000,55.290000,58.190000,59.330000,60.000000,55.750000,47.470000,48.820000,49.420000,50.390000,45.470000,40.230000
29.260000,30.580000,30.290000,20.650000,25.340000,22.540000,37.080000,18.380000,6.890000,-11.830000,-14.950000,-11.250000,-21.910000,-19.070000,-30.260000,-20.670000,-10.790000,14.580000,3.400000,6.930000,18.100000,20.580000,36.550000,41.310000,43.560000,47.750000,47.600000,47.180000,45.450000,43.920000,39.020000,44.640000,46.720000,54.630000,57.240000,56.200000,56.920000,52.940000,46.430000,42.220000,20.590000,15.560000,19.730000,3.840000,3.290000,-1.650000,-0.380000,2.680000
1.820000,-1.980000,6.460000,11.450000,17.750000,22.300000,18.180000,15.810000,16.920000,16.760000,19.000000,21.290000,17.030000,21.090000,41.410000,46.920000,35.340000,42.070000,45.050000,42.190000,39.400000,46.920000,48.670000,40.810000,43.800000,45.990000,47.080000,46.210000,46.230000,43.030000,46.380000,50.100000,58.620000,69.980000,99.820000,98.340000,99.220000,83.990000,62.330000,54.880000,55.630000,52.630000,45.390000,55.760000,55.480000,53.090000,45.100000,48.320000
48.600000,56.370000,57.110000,54.020000,44.390000,43.500000,42.330000,40.460000,42.610000,46.350000,53.790000,48.990000,53.820000,51.060000,51.950000,53.080000,44.690000,46.480000,58.050000,60.660000,62.060000,67.480000,79.050000,78.230000,77.420000,77.640000,76.590000,76.260000,79.360000,85.490000,89.080000,100.430000,111.800000,145.410000,181.100000,151.970000,124.390000,113.350000,83.350000,75.320000,81.030000,77.010000,71.890000,68.980000,64.820000,60.500000,64.210000,68.060000
67.610000,67.970000,67.530000,68.440000,67.780000,68.440000,63.810000,63.150000,62.510000,59.880000,57.420000,60.830000,62.050000,58.580000,52.640000,45.690000,44.550000,46.400000,40.700000,41.310000,51.630000,59.940000,59.570000,60.230000,65.200000,64.220000,63.130000,62.610000,65.170000,64.690000,88.370000,87.840000,96.530000,117.180000,117.120000,118.530000,113.080000,105.060000,77.250000,73.040000,73.230000,70.340000,70.760000,68.390000,64.420000,61.280000,63.070000,64.570000
66.480000,67.510000,66.730000,65.850000,64.980000,64.340000,60.340000,59.220000,61.220000,61.250000,67.300000,67.460000,65.410000,61.390000,61.320000,60.580000,52.340000,55.450000,54.260000,52.370000,58.370000,58.100000,60.820000,62.770000,61.870000,63.640000,66.350000,63.020000,58.670000,58.010000,89.740000,101.890000,95.150000,133.330000,145.660000,145.970000,124.800000,109.020000,85.030000,67.620000,65.770000,73.560000,64.520000,55.850000,61.530000,59.970000,52.050000,57.770000
53.720000,54.750000,56.030000,57.910000,56.050000,57.010000,54.810000,55.230000,51.750000,49.670000,50.120000,54.830000,59.700000,59.340000,56.820000,56.800000,52.610000,53.870000,59.220000,64.930000,68.460000,68.920000,69.380000,60.520000,55.990000,63.820000,66.950000,67.660000,65.580000,62.350000,70.860000,70.110000,74.710000,86.480000,85.480000,82.560000,79.230000,73.560000,66.870000,66.740000,69.070000,68.820000,66.250000,66.480000,62.060000,59.740000,61.620000,64.850000
68.540000,69.820000,67.420000,65.450000,59.440000,57.070000,50.100000,50.980000,57.770000,53.640000,53.420000,55.260000,57.780000,55.160000,37.710000,36.790000,42.520000,47.650000,41.980000,44.080000,49.930000,46.790000,53.420000,60.350000,68.280000,63.130000,70.060000,69.020000,71.270000,70.330000,76.110000,81.390000,82.200000,87.800000,92.370000,91.310000,88.930000,86.120000,82.010000,75.800000,74.050000,67.960000,68.050000,61.880000,58.240000,60.780000,56.690000,52.830000
57.470000,60.450000,58.170000,60.200000,57.560000,52.520000,44.960000,43.450000,46.920000,46.290000,47.740000,47.920000,50.130000,46.450000,42.190000,48.860000,49.730000,51.690000,55.850000,49.790000,50.460000,51.650000,56.690000,56.040000,59.210000,65.110000,70.380000,67.330000,65.150000,57.480000,55.860000,66.180000,69.430000,77.360000,103.130000,103.780000,95.910000,81.830000,69.170000,50.020000,50.000000,50.800000,56.880000,61.850000,56.490000,57.150000,62.280000,62.250000
61.590000,62.350000,65.770000,66.440000,61.580000,58.410000,55.160000,43.010000,27.550000,22.440000,34.420000,46.790000,51.040000,44.260000,44.900000,47.510000,45.770000,50.470000,46.800000,44.230000,44.170000,54.220000,57.770000,65.890000,69.700000,70.300000,70.960000,69.640000,62.960000,55.400000,51.140000,54.580000,61.720000,78.570000,85.710000,78.910000,67.180000,63.420000,64.730000,60.470000,57.140000,57.960000,58.850000,57.770000,56.660000,56.470000,56.940000,46.490000
47.050000,51.080000,52.090000,54.030000,55.840000,54.160000,54.480000,49.460000,50.310000,48.880000,48.560000,47.610000,58.840000,53.360000,51.200000,52.220000,59.140000,69.180000,73.510000,75.080000,76.340000,76.500000,79.320000,78.970000,79.680000,79.390000,78.660000,77.740000,79.590000,74.950000,75.930000,84.330000,75.960000,86.580000,93.650000,95.150000,87.610000,83.270000,79.990000,71.080000,65.360000,62.520000,54.910000,54.240000,52.420000,52.200000,55.360000,57.970000
57.810000,64.420000,57.190000,53.570000,54.400000,54.930000,55.270000,54.760000,54.640000,54.730000,58.510000,55.680000,62.320000,58.380000,79.990000,93.910000,82.250000,95.730000,95.750000,96.840000,100.850000,105.270000,92.450000,91.310000,100.340000,106.790000,96.180000,95.580000,97.420000,92.680000,150.490000,184.080000,140.090000,227.620000,568.410000,595.280000,405.030000,270.490000,89.260000,88.890000,95.180000,74.780000,65.650000,62.150000,62.390000,61.280000,57.190000,59.070000
59.120000,59.690000,59.810000,57.920000,56.680000,52.990000,54.660000,54.630000,55.180000,54.590000,63.350000,63.870000,78.000000,70.950000,71.220000,86.480000,80.950000,107.070000,95.540000,108.260000,101.890000,96.570000,117.490000,124.080000,126.560000,127.640000,139.780000,132.280000,120.720000,130.870000,223.030000,262.060000,306.450000,432.570000,830.000000,764.450000,536.790000,394.720000,146.220000,172.720000,147.090000,124.610000,112.880000,96.700000,89.030000,80.440000,70.160000,70.600000
69.420000,70.660000,71.790000,70.910000,70.070000,69.930000,63.690000,62.060000,62.640000,63.540000,56.010000,58.640000,61.330000,58.130000,60.930000,61.530000,59.450000,60.330000,59.730000,56.160000,57.830000,59.280000,66.770000,68.420000,69.970000,69.730000,68.540000,65.980000,66.100000,64.310000,69.480000,62.250000,67.980000,83.790000,107.720000,98.990000,102.480000,100.380000,101.500000,81.550000,61.960000,64.580000,67.010000,66.450000,65.740000,65.710000,56.570000,62.850000
63.830000,68.450000,66.150000,66.430000,62.250000,65.590000,65.970000,65.480000,62.780000,66.340000,68.550000,67.470000,67.210000,59.590000,56.250000,56.490000,56.830000,62.980000,54.930000,52.710000,54.480000,63.950000,81.730000,85.320000,78.730000,80.910000,82.360000,76.070000,69.130000,64.970000,55.850000,61.190000,59.570000,68.510000,85.810000,79.620000,74.770000,73.340000,55.900000,52.710000,46.260000,54.070000,58.200000,57.140000,54.960000,52.290000,27.790000,24.540000
39.810000,42.150000,43.670000,39.760000,31.550000,21.340000,37.730000,33.720000,35.540000,39.780000,41.590000,45.630000,57.020000,51.170000,56.810000,62.680000,64.730000,67.860000,69.940000,70.610000,68.080000,64.090000,59.000000,64.760000,66.030000,67.060000,60.850000,60.390000,60.150000,57.740000,61.930000,72.350000,61.670000,71.760000,67.870000,67.710000,68.340000,65.980000,46.230000,43.730000,42.430000,47.790000,51.180000,51.820000,48.180000,47.330000,26.870000,24.440000
32.830000,62.730000,60.120000,61.210000,56.020000,53.910000,42.080000,37.360000,48.410000,45.560000,60.440000,47.040000,64.500000,36.050000,39.720000,55.140000,45.400000,62.470000,59.410000,73.290000,78.700000,71.440000,78.090000,75.550000,76.130000,78.740000,84.710000,83.930000,79.800000,84.370000,111.720000,113.190000,119.990000,192.990000,552.560000,561.650000,386.700000,264.620000,97.800000,84.530000,79.760000,78.230000,78.710000,65.800000,63.600000,62.450000,75.780000,86.560000
83.110000,84.080000,80.990000,79.580000,76.700000,68.550000,66.350000,61.000000,64.790000,65.950000,79.610000,61.710000,80.760000,50.970000,70.120000,110.690000,103.540000,129.140000,124.220000,137.580000,126.840000,130.450000,170.560000,174.640000,158.360000,157.120000,158.170000,146.020000,140.900000,131.700000,268.740000,244.140000,246.040000,373.360000,1063.270000,871.710000,345.460000,271.140000,134.090000,88.830000,72.720000,65.810000,61.610000,62.940000,61.200000,64.150000,61.050000,56.160000
57.430000,68.810000,56.670000,45.280000,53.030000,55.140000,43.000000,37.230000,28.370000,22.120000,45.200000,48.130000,59.720000,42.120000,37.790000,40.230000,47.720000,52.100000,41.660000,41.370000,50.190000,44.550000,38.660000,57.560000,61.080000,61.430000,62.840000,60.810000,59.520000,63.460000,99.440000,92.150000,94.810000,114.400000,147.450000,133.600000,121.170000,129.550000,106.940000,83.480000,78.610000,82.370000,81.170000,66.780000,60.300000,58.300000,60.230000,56.060000
52.710000,60.280000,56.710000,52.960000,48.380000,43.910000,55.390000,59.350000,55.920000,53.290000,58.410000,40.440000,64.110000,61.200000,56.620000,95.080000,82.150000,87.010000,79.280000,86.990000,91.230000,84.530000,83.580000,82.890000,86.800000,81.090000,83.910000,83.330000,81.490000,79.000000,104.790000,94.790000,91.860000,86.640000,103.590000,95.440000,77.890000,76.100000,70.680000,58.730000,57.660000,54.710000,57.730000,52.860000,56.470000,57.890000,53.130000,66.460000
66.190000,68.460000,62.970000,59.480000,45.160000,32.710000,25.310000,13.480000,23.580000,21.990000,23.490000,28.930000,29.410000,37.450000,51.460000,55.190000,51.960000,52.580000,41.720000,48.600000,49.620000,43.700000,37.020000,36.800000,35.560000,35.740000,48.220000,46.660000,48.060000,48.480000,57.730000,62.540000,60.780000,64.450000,71.970000,72.970000,72.460000,70.070000,68.250000,53.740000,44.430000,52.100000,56.870000,57.010000,55.260000,53.050000,54.630000,49.650000
49.800000,51.110000,43.940000,33.870000,44.890000,36.230000,38.450000,39.300000,35.600000,34.880000,40.000000,42.990000,41.670000,45.580000,44.710000,43.550000,31.570000,45.170000,53.360000,48.840000,39.150000,47.270000,51.910000,53.670000,57.430000,60.400000,67.930000,68.250000,70.590000,67.080000,67.260000,70.150000,74.260000,79.400000,81.470000,80.760000,75.720000,69.500000,51.680000,46.930000,43.880000,54.490000,52.930000,48.020000,46.910000,45.230000,41.890000,24.780000
25.380000,40.050000,31.930000,27.970000,29.340000,26.920000,23.880000,23.010000,19.000000,19.890000,44.900000,48.020000,56.470000,38.000000,47.330000,61.270000,58.180000,64.660000,68.240000,67.760000,67.120000,69.010000,68.780000,68.120000,67.320000,66.890000,62.330000,54.740000,53.740000,51.170000,65.580000,69.620000,67.720000,77.240000,88.530000,86.430000,82.920000,76.600000,71.050000,59.930000,54.880000,62.240000,60.130000,53.770000,55.230000,56.200000,38.070000,44.250000
48.130000,57.120000,55.780000,55.910000,57.950000,54.730000,56.710000,57.670000,58.170000,58.720000,61.730000,63.860000,67.850000,60.580000,65.710000,69.180000,70.880000,72.860000,72.360000,79.600000,84.600000,85.130000,85.500000,86.760000,92.360000,96.170000,97.470000,94.330000,93.100000,94.030000,102.890000,104.880000,102.990000,113.680000,121.370000,122.920000,116.870000,103.560000,79.280000,73.990000,69.940000,65.980000,65.500000,63.370000,63.580000,65.480000,69.550000,70.130000
70.520000,72.180000,67.220000,65.290000,62.200000,58.360000,38.480000,29.320000,27.830000,27.730000,36.210000,43.630000,47.670000,50.910000,63.180000,63.280000,67.100000,70.340000,68.570000,62.990000,61.630000,55.520000,54.780000,52.470000,55.120000,60.170000,61.890000,63.390000,62.630000,59.290000,59.840000,64.560000,69.440000,70.520000,80.930000,82.890000,83.570000,82.840000,74.020000,69.860000,64.240000,65.680000,70.330000,66.840000,57.340000,57.330000,56.090000,47.730000
50.860000,44.130000,44.160000,39.970000,34.700000,32.980000,26.350000,24.050000,24.490000,25.870000,45.690000,48.320000,51.680000,52.420000,56.940000,47.650000,58.270000,72.370000,75.640000,78.250000,75.040000,73.350000,66.820000,64.800000,70.040000,69.380000,65.350000,63.820000,66.970000,66.300000,96.530000,103.240000,98.900000,118.610000,150.240000,157.640000,155.580000,130.880000,127.440000,115.830000,97.360000,83.360000,76.470000,73.750000,68.770000,65.820000,56.370000,55.460000
50.220000,58.920000,60.080000,56.770000,56.400000,57.220000,62.240000,60.790000,57.670000,54.090000,53.380000,58.630000,59.700000,58.670000,57.800000,55.610000,52.820000,55.660000,63.800000,59.650000,61.290000,55.330000,72.850000,73.240000,72.830000,70.980000,68.010000,65.070000,62.120000,63.320000,77.600000,79.300000,79.950000,90.050000,100.880000,107.970000,115.880000,96.680000,84.540000,89.360000,74.030000,68.450000,67.820000,63.690000,65.220000,63.720000,60.140000,58.600000
62.490000,63.220000,61.420000,55.310000,54.920000,51.200000,56.320000,55.310000,55.920000,52.570000,53.950000,56.130000,57.320000,53.100000,35.800000,41.320000,49.220000,48.970000,54.960000,60.110000,60.630000,60.750000,75.530000,74.890000,77.660000,77.820000,79.130000,76.190000,74.580000,68.590000,81.090000,95.240000,73.490000,90.520000,109.230000,133.990000,97.900000,86.240000,65.610000,56.470000,58.460000,54.220000,58.490000,58.440000,57.090000,55.990000,51.490000,56.590000
58.790000,60.400000,58.660000,58.340000,57.480000,55.710000,53.420000,44.990000,49.120000,48.680000,61.670000,55.290000,62.940000,51.460000,67.670000,72.200000,64.760000,75.240000,68.410000,69.480000,70.350000,70.040000,58.760000,54.420000,53.670000,55.360000,53.940000,50.010000,50.520000,52.760000,55.800000,64.320000,56.830000,65.840000,67.970000,73.980000,75.970000,71.130000,66.190000,61.690000,60.080000,59.790000,57.010000,54.210000,57.200000,52.800000,45.310000,46.050000
40.920000,45.800000,47.900000,45.350000,43.070000,46.550000,48.360000,45.670000,46.080000,47.520000,55.220000,49.960000,66.800000,54.000000,71.800000,84.760000,78.570000,86.110000,76.600000,73.870000,76.590000,76.310000,75.230000,78.720000,79.380000,75.650000,72.280000,62.930000,62.980000,64.420000,70.910000,76.220000,73.780000,74.250000,74.370000,78.530000,78.600000,74.000000,59.740000,54.250000,52.280000,62.120000,64.100000,61.410000,59.550000,58.570000,50.930000,54.300000
56.160000,60.350000,57.510000,56.090000,60.880000,60.910000,64.980000,63.500000,63.070000,63.410000,63.220000,61.830000,65.960000,55.150000,55.950000,66.630000,63.800000,73.920000,80.370000,85.750000,79.440000,80.960000,73.610000,70.580000,77.910000,73.830000,78.850000,78.760000,76.150000,71.940000,91.060000,83.180000,79.520000,91.320000,96.290000,100.630000,106.660000,91.560000,72.170000,64.160000,63.240000,62.310000,57.180000,58.720000,60.820000,61.260000,56.630000,59.380000
57.480000,56.830000,51.850000,48.730000,50.460000,47.930000,47.190000,44.790000,45.650000,43.640000,46.370000,50.310000,54.100000,46.600000,50.260000,59.280000,58.700000,64.730000,61.740000,57.940000,58.250000,58.820000,57.530000,61.670000,64.040000,69.070000,69.550000,63.970000,62.750000,63.630000,68.880000,69.100000,66.890000,71.210000,76.950000,78.040000,84.390000,71.470000,63.270000,62.810000,58.550000,56.910000,56.340000,56.180000,53.800000,53.070000,50.190000,52.440000
56.140000,59.130000,55.000000,44.400000,36.920000,35.110000,21.940000,19.320000,22.820000,22.730000,28.680000,34.430000,43.780000,52.000000,54.620000,59.990000,64.940000,72.330000,66.730000,61.330000,59.620000,56.820000,55.600000,56.910000,58.690000,60.060000,62.590000,62.600000,61.980000,62.330000,69.200000,72.830000,77.510000,83.450000,91.650000,93.300000,90.550000,89.670000,78.020000,67.850000,66.700000,64.060000,62.300000,60.140000,61.350000,62.910000,59.570000,55.340000
104.250000,111.590000,109.830000,115.410000,111.980000,104.700000,111.610000,101.190000,97.470000,99.180000,111.380000,111.610000,124.170000,95.750000,129.480000,179.650000,178.650000,183.580000,190.660000,193.780000,197.920000,197.060000,210.450000,212.750000,203.000000,179.300000,193.360000,208.840000,198.480000,190.600000,195.450000,221.100000,191.780000,194.500000,197.150000,197.030000,190.930000,197.880000,187.650000,177.340000,162.890000,167.370000,161.650000,111.650000,116.640000,110.140000,96.510000,102.650000
94.470000,91.950000,97.850000,100.070000,101.570000,101.330000,95.970000,101.030000,97.340000,89.680000,121.670000,119.140000,117.930000,115.860000,125.390000,169.220000,175.100000,173.760000,177.330000,173.040000,180.420000,179.190000,188.590000,193.670000,199.110000,182.270000,164.110000,168.670000,167.010000,152.460000,153.460000,151.000000,146.880000,149.960000,160.980000,171.480000,176.450000,172.100000,164.960000,163.940000,164.070000,155.160000,154.710000,121.130000,124.370000,139.630000,151.290000,149.110000
147.200000,146.680000,137.460000,137.160000,137.230000,136.940000,139.480000,139.230000,139.230000,138.900000,140.280000,141.090000,141.970000,142.950000,131.850000,126.690000,123.600000,128.420000,138.960000,142.530000,143.850000,140.450000,152.540000,150.570000,147.760000,142.050000,142.040000,138.410000,122.500000,124.870000,101.950000,99.790000,106.470000,138.130000,170.740000,171.290000,170.630000,171.000000,176.380000,176.910000,176.320000,173.580000,158.970000,131.410000,129.790000,123.840000,123.280000,134.750000
137.020000,129.490000,134.430000,133.950000,133.550000,124.320000,104.710000,98.110000,99.140000,94.070000,102.810000,112.320000,109.440000,115.470000,118.700000,111.720000,113.650000,117.560000,98.850000,96.570000,108.010000,110.360000,101.530000,105.690000,99.180000,97.750000,95.550000,93.740000,91.770000,90.910000,94.690000,98.300000,104.140000,123.500000,146.900000,156.200000,155.790000,161.940000,169.910000,176.240000,192.760000,172.480000,165.110000,156.530000,142.150000,125.810000,128.410000,137.290000
134.460000,120.660000,120.710000,123.630000,122.840000,121.380000,115.760000,126.140000,132.610000,118.590000,121.210000,115.060000,129.940000,139.030000,231.640000,286.320000,358.490000,306.540000,258.350000,219.240000,221.170000,229.260000,156.990000,164.790000,187.740000,168.240000,153.450000,151.510000,150.490000,145.980000,152.000000,158.790000,159.140000,202.860000,260.170000,266.790000,264.870000,295.510000,258.750000,220.380000,230.580000,201.660000,163.240000,143.050000,140.490000,115.760000,105.040000,83.720000
87.670000,89.290000,100.870000,98.640000,91.040000,97.290000,95.030000,91.750000,104.220000,95.390000,105.240000,100.920000,119.990000,134.400000,112.480000,141.870000,146.450000,138.250000,177.010000,158.340000,142.860000,131.420000,132.010000,141.510000,149.880000,137.140000,143.260000,139.750000,159.930000,166.830000,239.980000,256.580000,352.710000,404.710000,389.320000,526.010000,755.120000,962.110000,564.340000,412.960000,369.120000,335.440000,215.990000,177.830000,179.110000,165.090000,141.640000,148.480000
145.800000,141.730000,121.360000,104.150000,116.420000,112.510000,128.710000,124.220000,122.970000,123.390000,142.730000,144.300000,148.530000,142.830000,166.400000,200.820000,208.000000,204.520000,222.980000,215.790000,235.820000,222.230000,206.220000,200.480000,192.600000,178.470000,166.200000,161.630000,170.970000,167.990000,189.470000,218.460000,201.470000,270.050000,325.950000,325.670000,322.720000,340.690000,284.790000,252.960000,265.890000,224.660000,233.010000,175.480000,133.010000,128.830000,122.630000,103.030000
104.840000,106.310000,106.550000,111.670000,104.520000,102.840000,110.390000,110.030000,112.980000,110.940000,126.000000,128.290000,127.690000,134.370000,225.100000,334.020000,367.570000,363.490000,373.700000,370.710000,419.080000,653.190000,1095.470000,906.950000,763.960000,731.610000,807.960000,955.410000,1150.520000,1065.340000,1180.750000,1210.750000,1104.670000,1676.840000,1837.890000,1893.020000,1817.360000,1983.660000,1795.980000,1321.580000,1271.110000,965.630000,685.200000,334.550000,233.820000,240.480000,151.410000,124.790000
125.440000,121.940000,118.510000,121.370000,118.110000,111.540000,106.630000,104.300000,114.150000,111.930000,124.870000,121.540000,123.690000,137.080000,155.500000,205.370000,257.520000,326.500000,273.140000,256.510000,267.960000,244.390000,230.010000,213.960000,240.790000,214.210000,226.380000,224.760000,220.020000,213.490000,211.960000,196.180000,189.250000,219.320000,191.930000,202.900000,205.880000,206.150000,186.360000,182.390000,207.990000,182.390000,147.280000,120.100000,120.750000,126.700000,138.560000,125.560000
124.620000,135.320000,144.970000,147.820000,145.280000,144.920000,123.640000,117.750000,119.330000,116.980000,112.440000,115.780000,119.210000,122.170000,139.620000,129.610000,116.950000,128.080000,157.630000,156.730000,148.070000,141.830000,125.530000,118.040000,123.320000,122.470000,117.580000,112.830000,109.540000,110.600000,103.430000,104.150000,103.690000,104.550000,112.060000,131.610000,146.820000,150.860000,162.360000,160.840000,158.700000,153.420000,123.310000,116.860000,125.350000,122.600000,106.610000,122.910000
135.560000,136.970000,117.480000,115.750000,108.870000,105.620000,109.480000,115.850000,131.290000,142.500000,154.140000,151.580000,157.080000,144.640000,108.650000,108.350000,106.650000,108.850000,111.570000,105.000000,109.020000,109.100000,98.210000,101.250000,105.840000,106.130000,105.880000,106.750000,121.360000,117.070000,158.720000,161.850000,162.340000,180.280000,173.530000,188.180000,182.710000,176.540000,179.870000,184.510000,184.060000,170.330000,130.510000,131.180000,130.470000,119.950000,114.550000,110.770000
90.310000,94.450000,94.030000,94.350000,96.080000,96.370000,96.840000,90.450000,91.380000,90.930000,106.910000,107.240000,118.160000,118.150000,111.770000,127.260000,135.090000,144.650000,158.590000,139.660000,133.260000,121.400000,119.990000,117.970000,142.920000,136.070000,127.530000,119.500000,121.760000,123.480000,192.600000,184.900000,177.930000,209.630000,216.890000,220.680000,215.860000,215.500000,181.300000,173.980000,183.160000,166.520000,140.280000,134.600000,145.860000,139.790000,132.600000,123.830000
115.870000,114.840000,115.860000,119.710000,117.530000,107.030000,102.740000,106.400000,112.940000,100.960000,118.890000,118.720000,127.940000,218.820000,235.870000,369.930000,245.270000,266.890000,327.740000,303.860000,214.640000,229.480000,212.800000,227.960000,237.850000,234.140000,291.750000,360.050000,339.830000,300.990000,527.450000,514.950000,508.340000,590.190000,914.770000,912.670000,895.660000,869.790000,756.060000,774.990000,632.870000,591.340000,337.710000,291.800000,168.020000,150.190000,110.510000,105.170000
128.490000,130.670000,143.210000,133.430000,132.350000,117.500000,118.340000,118.750000,125.940000,123.820000,161.930000,157.240000,144.450000,157.660000,280.230000,350.180000,356.570000,330.500000,308.080000,286.120000,268.630000,261.990000,259.520000,253.300000,247.840000,233.270000,218.400000,212.740000,215.200000,216.050000,243.670000,253.400000,250.620000,323.230000,493.130000,557.230000,555.500000,555.540000,643.290000,601.560000,632.610000,435.430000,365.920000,258.610000,244.080000,210.840000,145.360000,134.000000
128.900000,115.490000,137.360000,124.170000,123.700000,124.370000,110.060000,108.080000,118.250000,116.400000,113.060000,107.440000,112.900000,139.170000,141.340000,192.070000,206.080000,171.360000,157.240000,143.530000,138.730000,139.380000,133.440000,136.670000,141.040000,136.930000,128.800000,129.450000,130.570000,128.690000,132.580000,152.030000,147.800000,180.940000,189.390000,195.440000,199.990000,211.190000,249.680000,240.510000,218.510000,198.720000,163.660000,148.340000,140.350000,135.400000,136.200000,119.530000
106.620000,108.880000,111.380000,108.150000,109.530000,108.040000,106.940000,107.670000,112.960000,109.930000,122.140000,120.820000,133.760000,135.000000,114.160000,140.810000,158.630000,143.970000,118.800000,120.550000,136.120000,139.670000,119.290000,116.070000,118.600000,124.270000,119.740000,117.280000,117.890000,119.910000,129.750000,134.680000,132.010000,138.540000,158.040000,166.160000,183.110000,181.120000,182.580000,194.100000,191.220000,185.050000,208.930000,185.520000,162.680000,139.950000,153.840000,155.720000
140.100000,139.550000,131.850000,129.200000,134.190000,133.770000,127.520000,129.600000,126.140000,128.340000,138.810000,138.370000,151.420000,193.700000,203.730000,212.100000,214.170000,234.490000,247.990000,240.740000,220.430000,206.380000,186.310000,184.370000,189.960000,183.890000,162.940000,156.390000,156.620000,161.300000,155.080000,150.380000,172.530000,203.040000,215.440000,226.240000,226.360000,226.770000,181.500000,198.650000,188.570000,144.180000,123.180000,125.410000,129.540000,123.130000,119.390000,143.480000
123.950000,118.590000,124.250000,126.710000,122.730000,116.570000,103.910000,107.500000,109.990000,110.840000,111.330000,115.690000,115.840000,120.920000,124.800000,119.090000,114.020000,113.660000,113.110000,118.830000,117.640000,115.520000,114.920000,108.410000,109.490000,115.510000,114.560000,111.660000,112.590000,112.930000,112.670000,113.830000,119.490000,123.410000,143.080000,165.630000,174.050000,172.090000,190.260000,186.050000,189.540000,181.610000,140.850000,126.530000,131.530000,133.820000,119.800000,141.200000
112.150000,120.580000,112.580000,111.990000,114.670000,110.700000,103.170000,96.020000,98.160000,96.590000,122.120000,130.500000,122.730000,127.300000,133.470000,155.840000,180.400000,171.640000,142.210000,137.770000,128.790000,118.930000,129.600000,136.740000,125.720000,122.470000,126.590000,125.250000,123.750000,122.940000,126.460000,131.170000,132.510000,145.440000,201.940000,213.920000,220.540000,219.930000,226.760000,241.070000,230.790000,201.850000,156.620000,147.590000,136.940000,134.970000,132.290000,124.620000
129.290000,119.140000,114.840000,116.200000,111.820000,113.520000,113.710000,115.710000,116.600000,112.660000,166.620000,174.070000,147.180000,129.470000,150.510000,236.610000,235.280000,199.140000,189.500000,177.980000,146.580000,133.850000,139.990000,132.720000,133.500000,132.030000,125.450000,126.560000,124.610000,124.720000,127.410000,131.710000,134.020000,140.080000,168.890000,173.900000,176.080000,177.070000,190.420000,198.000000,207.260000,192.340000,169.240000,145.830000,142.630000,147.530000,175.730000,181.490000
174.410000,165.500000,152.400000,155.950000,148.160000,147.050000,162.220000,160.300000,148.900000,146.360000,135.800000,136.420000,150.750000,171.240000,208.710000,218.760000,211.410000,220.950000,219.090000,210.440000,192.650000,201.010000,175.420000,167.760000,171.020000,174.600000,176.790000,161.700000,155.750000,150.590000,136.630000,135.730000,134.480000,137.270000,147.920000,159.980000,150.350000,145.530000,154.630000,187.220000,178.690000,144.590000,141.070000,152.360000,153.670000,146.860000,168.170000,152.250000
167.660000,167.990000,113.500000,107.310000,90.650000,78.360000,74.400000,59.330000,67.340000,85.790000,99.170000,134.170000,133.510000,126.930000,90.220000,102.350000,111.370000,132.940000,118.390000,110.290000,114.500000,126.710000,112.300000,116.010000,139.010000,146.170000,129.620000,116.520000,123.500000,123.110000,141.360000,152.960000,175.270000,209.120000,222.740000,225.730000,225.140000,229.770000,225.470000,212.210000,198.310000,171.240000,137.630000,136.050000,132.580000,137.610000,167.470000,179.520000
181.270000,181.380000,183.510000,184.430000,180.380000,180.280000,173.880000,179.620000,180.410000,176.000000,167.440000,164.960000,182.640000,182.680000,172.840000,196.480000,189.380000,179.200000,145.210000,126.200000,131.260000,124.270000,133.280000,133.670000,125.030000,120.770000,119.140000,120.950000,121.730000,126.460000,128.870000,124.560000,105.260000,113.570000,145.410000,162.530000,153.000000,158.600000,160.340000,155.420000,146.900000,127.400000,117.770000,127.980000,126.140000,120.330000,116.290000,119.160000
127.440000,117.270000,110.380000,113.770000,110.450000,114.040000,106.070000,116.840000,123.220000,128.310000,133.120000,140.070000,160.140000,142.390000,165.620000,165.150000,192.730000,200.420000,202.710000,207.660000,210.700000,200.270000,205.320000,203.760000,204.000000,200.780000,179.070000,159.460000,153.130000,151.650000,151.040000,148.720000,148.390000,172.310000,200.570000,204.900000,210.860000,216.010000,193.480000,161.920000,172.650000,142.380000,137.890000,151.360000,147.230000,135.060000,141.360000,149.120000
133.900000,136.680000,133.880000,124.290000,110.910000,111.780000,116.210000,111.570000,115.090000,112.500000,114.640000,111.340000,114.230000,115.610000,108.680000,102.460000,112.100000,115.690000,118.430000,126.740000,129.330000,116.810000,109.970000,110.090000,93.780000,83.550000,72.230000,58.060000,75.930000,83.450000,75.310000,71.450000,74.560000,90.190000,128.440000,140.360000,140.170000,141.930000,136.930000,122.290000,125.530000,115.590000,103.820000,106.240000,103.970000,108.900000,117.590000,120.980000
135.000000,131.340000,133.810000,133.840000,135.830000,137.320000,153.830000,156.550000,145.440000,108.020000,123.520000,114.060000,122.610000,110.840000,125.400000,140.430000,136.920000,128.370000,115.410000,116.720000,112.330000,109.670000,108.100000,107.920000,104.930000,102.740000,104.330000,99.850000,93.340000,93.570000,103.660000,119.990000,123.800000,125.810000,130.870000,128.490000,143.180000,150.450000,173.830000,176.570000,170.660000,145.670000,133.940000,127.790000,118.600000,114.670000,104.730000,84.100000
82.300000,78.230000,79.490000,79.310000,80.220000,79.700000,84.490000,84.250000,89.170000,91.680000,135.830000,133.880000,142.880000,147.110000,118.590000,178.890000,178.540000,185.120000,180.780000,171.230000,150.220000,131.020000,104.970000,122.840000,132.650000,136.830000,122.460000,125.790000,128.420000,138.030000,167.810000,172.290000,179.620000,197.660000,223.390000,225.840000,227.680000,219.690000,209.690000,203.650000,197.660000,190.290000,176.760000,147.850000,147.880000,148.360000,153.810000,120.970000
131.990000,136.710000,142.720000,152.160000,154.340000,165.340000,177.620000,181.480000,167.220000,136.960000,119.630000,122.600000,120.150000,130.220000,148.710000,171.200000,165.100000,155.540000,139.620000,127.420000,142.720000,128.430000,127.670000,127.060000,133.430000,144.830000,134.560000,128.300000,130.780000,128.450000,117.730000,114.430000,141.140000,148.520000,147.540000,169.650000,174.680000,186.160000,211.980000,209.040000,206.440000,196.510000,164.730000,129.150000,137.730000,149.050000,143.920000,126.400000
154.450000,142.950000,120.380000,99.690000,91.650000,88.270000,73.790000,70.240000,87.050000,86.760000,99.940000,64.590000,166.790000,145.480000,76.590000,131.020000,108.550000,112.230000,115.710000,135.070000,153.710000,159.370000,157.380000,153.560000,163.400000,167.890000,170.040000,161.760000,162.140000,167.220000,177.650000,153.510000,148.550000,151.280000,178.820000,192.600000,201.890000,204.770000,216.170000,207.020000,162.150000,152.820000,184.170000,178.760000,170.040000,180.600000,219.830000,204.760000
202.680000,176.330000,153.290000,177.600000,197.640000,193.540000,183.200000,119.750000,83.400000,128.840000,198.260000,194.060000,190.410000,192.520000,216.830000,239.850000,237.320000,233.030000,229.760000,226.000000,209.920000,191.750000,152.410000,139.020000,118.890000,114.480000,111.030000,111.880000,117.120000,116.740000,135.740000,126.140000,125.480000,144.120000,166.300000,193.500000,186.580000,200.200000,242.000000,234.650000,227.570000,203.310000,185.540000,164.880000,181.360000,175.870000,162.800000,160.130000
194.530000,176.940000,137.070000,139.700000,143.500000,175.200000,183.050000,172.580000,156.220000,136.200000,183.390000,200.670000,200.640000,192.600000,145.050000,154.550000,190.850000,203.580000,210.240000,209.950000,211.470000,194.690000,194.630000,202.910000,204.060000,202.480000,197.770000,200.440000,210.390000,211.430000,184.310000,183.380000,188.780000,194.110000,208.280000,210.200000,210.200000,210.200000,205.500000,203.760000,232.830000,234.400000,207.030000,211.690000,204.450000,180.770000,140.970000,150.060000
105.810000,53.760000,71.100000,78.230000,82.390000,71.430000,37.680000,15.180000,16.620000,20.140000,51.720000,84.050000,109.380000,113.290000,158.550000,154.690000,155.330000,197.720000,202.870000,211.370000,218.920000,210.050000,215.570000,195.390000,183.580000,136.380000,93.010000,93.940000,81.270000,75.430000,53.510000,57.540000,50.290000,71.720000,91.580000,119.440000,146.480000,174.040000,187.090000,173.500000,156.570000,129.700000,135.590000,134.880000,131.880000,121.080000,100.940000,93.960000
75.600000,68.520000,71.510000,73.210000,74.680000,79.020000,96.550000,95.890000,87.850000,71.650000,123.080000,117.660000,160.970000,160.960000,190.460000,214.580000,174.730000,194.520000,185.550000,153.170000,164.750000,157.780000,136.350000,132.940000,140.470000,138.800000,139.960000,137.010000,141.050000,155.550000,147.420000,136.330000,123.350000,132.070000,177.070000,197.760000,207.510000,214.780000,226.320000,219.410000,163.560000,164.830000,186.060000,177.450000,180.110000,157.410000,163.580000,181.090000
184.340000,167.370000,162.640000,164.200000,167.640000,157.060000,140.710000,147.080000,156.550000,146.870000,137.360000,143.140000,170.510000,177.300000,153.960000,173.700000,211.430000,209.560000,197.730000,191.280000,193.280000,192.220000,181.300000,187.630000,181.990000,161.780000,134.590000,133.190000,136.960000,136.060000,150.810000,147.680000,151.870000,152.980000,166.550000,166.460000,174.980000,201.000000,211.620000,214.090000,211.230000,209.750000,212.370000,208.930000,201.870000,187.420000,164.760000,84.300000
82.290000,88.240000,66.830000,85.090000,121.350000,116.250000,92.480000,76.780000,106.510000,102.330000,110.260000,134.990000,192.870000,204.240000,244.860000,280.230000,276.110000,276.470000,280.540000,280.810000,274.610000,255.970000,263.370000,275.330000,268.280000,271.700000,259.340000,243.840000,214.610000,209.030000,199.540000,220.280000,199.870000,210.020000,246.570000,253.060000,289.100000,275.980000,203.350000,206.140000,190.450000,194.470000,180.460000,186.940000,186.870000,200.690000,254.140000,232.330000
246.740000,226.320000,217.560000,220.930000,209.400000,182.420000,150.870000,163.850000,195.680000,202.240000,227.600000,204.290000,265.160000,251.160000,263.080000,316.110000,281.510000,268.000000,232.320000,207.360000,222.270000,224.010000,196.710000,184.280000,195.330000,171.030000,180.010000,170.700000,169.520000,176.030000,179.060000,181.220000,182.430000,220.600000,219.730000,216.270000,219.660000,227.480000,209.410000,211.010000,209.500000,188.610000,167.180000,168.230000,175.580000,176.110000,164.110000,149.810000
151.740000,135.930000,134.120000,137.790000,137.000000,133.110000,135.670000,132.210000,156.920000,148.560000,195.340000,190.740000,186.860000,178.680000,168.660000,212.580000,221.100000,210.550000,190.300000,185.700000,189.840000,189.510000,194.230000,186.020000,175.440000,165.270000,194.640000,176.830000,174.300000,173.710000,193.330000,166.930000,161.860000,191.620000,234.040000,213.710000,196.930000,199.860000,205.930000,181.570000,159.510000,161.260000,144.500000,144.340000,150.350000,148.710000,138.450000,135.130000
133.200000,134.150000,135.130000,130.760000,120.570000,119.280000,112.550000,119.780000,136.500000,127.370000,131.680000,138.050000,171.120000,168.830000,162.390000,168.620000,175.280000,171.540000,174.660000,143.890000,135.370000,127.080000,164.930000,150.420000,148.660000,150.890000,147.650000,141.060000,145.000000,145.280000,167.840000,168.100000,169.260000,188.570000,225.420000,249.970000,254.400000,264.250000,280.450000,281.170000,245.880000,222.750000,229.460000,204.240000,198.330000,180.970000,182.300000,194.120000
197.450000,186.090000,118.880000,115.000000,111.880000,121.130000,135.680000,113.170000,106.670000,101.510000,122.080000,105.140000,134.960000,134.870000,121.850000,140.980000,125.110000,130.010000,138.360000,168.990000,163.270000,138.850000,126.220000,126.770000,123.750000,125.790000,115.120000,119.620000,120.030000,117.500000,98.140000,103.880000,111.520000,100.230000,127.270000,149.410000,178.090000,197.140000,219.790000,205.510000,202.290000,167.660000,153.400000,144.720000,155.760000,142.760000,115.800000,116.210000
106.340000,105.350000,105.080000,95.690000,92.180000,101.260000,92.400000,97.860000,110.130000,117.570000,159.200000,164.730000,209.970000,176.000000,192.670000,238.070000,236.300000,214.340000,209.920000,197.410000,179.380000,157.970000,188.710000,194.120000,165.970000,149.770000,145.430000,141.940000,137.920000,144.130000,141.640000,150.030000,155.040000,181.350000,190.170000,210.110000,246.720000,247.520000,226.530000,217.600000,204.700000,188.510000,162.000000,165.390000,168.810000,162.430000,145.060000,120.970000
146.210000,121.590000,99.570000,95.500000,93.770000,92.580000,95.820000,95.290000,105.950000,109.820000,124.710000,134.860000,175.210000,139.080000,153.260000,184.140000,195.150000,210.360000,214.220000,207.280000,191.930000,173.750000,186.060000,186.910000,180.620000,201.420000,192.360000,204.360000,215.340000,208.350000,239.010000,259.850000,270.900000,334.690000,411.830000,411.260000,452.860000,646.550000,736.070000,426.510000,363.580000,350.490000,233.400000,224.780000,208.760000,215.860000,92.520000,93.290000
96.100000,105.470000,135.120000,140.150000,129.830000,117.260000,111.550000,109.560000,106.290000,127.300000,138.960000,133.700000,144.170000,165.830000,210.380000,283.370000,273.480000,252.550000,260.740000,246.380000,218.550000,202.110000,175.810000,169.010000,169.420000,149.770000,183.180000,188.400000,167.270000,193.420000,211.540000,199.880000,213.030000,233.510000,248.870000,264.590000,271.700000,281.170000,238.400000,220.350000,213.360000,194.070000,209.360000,184.050000,180.710000,191.110000,196.060000,182.830000
157.530000,167.850000,185.740000,173.580000,173.050000,173.910000,148.730000,137.820000,115.880000,91.280000,194.180000,192.320000,195.640000,218.950000,185.710000,231.530000,229.060000,229.530000,233.010000,227.150000,196.190000,160.460000,176.170000,192.090000,174.910000,176.180000,156.890000,169.630000,175.330000,164.110000,181.660000,183.040000,172.980000,170.160000,204.030000,198.410000,216.150000,224.330000,226.600000,199.390000,193.180000,196.400000,172.990000,172.950000,193.760000,185.180000,186.060000,151.830000
120.850000,102.220000,98.720000,109.900000,104.840000,110.100000,116.590000,135.680000,164.580000,180.630000,167.490000,133.660000,189.480000,169.600000,162.730000,221.080000,222.080000,202.900000,172.490000,148.570000,177.200000,186.480000,154.810000,166.560000,172.260000,173.400000,189.330000,190.440000,184.000000,191.910000,215.430000,215.150000,216.780000,230.810000,284.320000,323.590000,371.680000,523.370000,348.770000,251.610000,241.230000,212.290000,177.160000,163.450000,183.980000,186.150000,224.190000,220.490000
188.720000,163.510000,133.970000,143.770000,143.520000,133.430000,127.120000,161.050000,159.370000,140.370000,138.180000,127.030000,145.670000,140.210000,188.860000,203.570000,215.830000,220.910000,207.420000,201.460000,196.680000,203.260000,184.410000,165.040000,156.440000,167.630000,164.420000,155.900000,174.410000,157.950000,156.040000,159.460000,188.210000,211.680000,206.400000,233.360000,239.920000,230.520000,198.580000,197.760000,193.700000,171.860000,165.310000,182.000000,193.040000,170.130000,155.410000,198.910000
168.730000,158.820000,158.700000,159.070000,171.230000,146.220000,110.750000,106.940000,102.140000,113.440000,119.330000,137.750000,171.810000,184.770000,172.300000,157.190000,161.000000,184.720000,182.990000,170.250000,184.160000,189.500000,216.370000,221.010000,217.740000,211.710000,203.990000,164.860000,165.770000,172.010000,172.170000,170.240000,177.560000,183.220000,225.900000,241.290000,245.940000,247.890000,243.760000,199.290000,166.800000,149.070000,171.970000,171.600000,164.690000,161.450000,170.530000,164.330000
162.260000,125.810000,117.640000,109.910000,108.110000,97.630000,96.490000,92.560000,121.240000,129.920000,191.530000,161.230000,185.880000,203.400000,197.970000,240.430000,210.080000,192.360000,217.240000,217.180000,209.100000,197.180000,169.200000,160.760000,169.010000,160.320000,160.290000,161.430000,161.030000,161.760000,184.380000,193.630000,198.570000,206.060000,220.820000,221.940000,223.310000,227.060000,215.310000,170.160000,166.150000,155.620000,167.070000,170.910000,154.170000,156.250000,181.240000,155.340000
109.800000,92.600000,130.870000,141.140000,141.380000,153.250000,152.890000,147.780000,122.050000,125.010000,195.490000,208.960000,215.180000,211.850000,189.280000,215.550000,226.670000,227.230000,224.220000,195.180000,197.520000,190.380000,159.520000,157.370000,173.560000,173.340000,155.270000,155.260000,155.370000,162.530000,158.750000,152.640000,152.640000,164.220000,183.080000,184.090000,191.590000,200.900000,180.350000,167.840000,169.810000,175.190000,160.020000,153.660000,135.280000,123.670000,28.840000,13.910000
12.830000,9.860000,24.260000,22.510000,3.870000,-1.640000,11.500000,35.170000,65.900000,80.040000,74.030000,119.290000,177.070000,150.710000,159.730000,206.200000,221.990000,222.960000,228.230000,226.470000,225.250000,218.680000,166.980000,167.340000,159.580000,146.000000,157.110000,143.820000,147.350000,160.640000,162.080000,154.690000,165.170000,188.220000,197.340000,212.080000,224.310000,230.360000,250.480000,248.910000,244.330000,234.010000,223.130000,211.900000,206.480000,189.230000,159.500000,133.810000
145.850000,155.090000,121.860000,41.740000,25.950000,18.430000,6.410000,38.430000,79.700000,97.190000,143.620000,177.300000,179.280000,169.830000,172.870000,204.230000,218.770000,225.700000,223.460000,223.300000,218.550000,198.040000,166.990000,158.050000,183.470000,175.210000,179.240000,163.460000,148.090000,154.830000,164.620000,157.140000,159.270000,171.070000,190.370000,209.660000,225.110000,225.340000,205.640000,164.150000,167.840000,163.430000,191.320000,205.750000,189.810000,158.300000,187.330000,124.460000
182.180000,126.280000,74.330000,66.840000,49.740000,35.450000,70.610000,56.160000,52.960000,54.940000,145.090000,164.080000,145.140000,118.870000,141.660000,203.170000,206.550000,208.660000,184.190000,190.010000,208.270000,211.600000,167.250000,155.090000,181.850000,194.230000,182.860000,196.290000,205.730000,208.000000,197.370000,200.850000,226.430000,254.740000,306.920000,311.920000,323.220000,337.510000,298.390000,237.410000,249.330000,229.600000,172.360000,162.520000,177.570000,196.700000,195.260000,224.680000
207.740000,173.290000,167.550000,183.770000,184.260000,156.920000,146.440000,149.860000,154.520000,144.060000,127.900000,120.970000,127.070000,133.440000,160.570000,176.260000,180.510000,186.530000,191.760000,190.400000,189.330000,189.400000,176.270000,175.480000,175.220000,162.300000,163.770000,159.970000,163.250000,148.260000,165.500000,164.520000,171.520000,180.900000,192.990000,202.580000,206.200000,206.540000,195.120000,181.140000,190.960000,175.510000,171.950000,167.240000,166.420000,141.840000,76.530000,39.740000
113.420000,102.020000,77.450000,57.420000,70.710000,59.410000,33.900000,15.530000,20.350000,11.940000,-7.500000,19.440000,62.990000,83.520000,72.050000,170.180000,159.450000,194.720000,164.780000,193.450000,195.820000,193.930000,195.830000,188.310000,176.820000,164.830000,154.370000,145.760000,165.550000,173.830000,189.280000,186.140000,188.550000,201.600000,204.390000,213.720000,223.180000,222.100000,198.890000,130.890000,136.120000,119.760000,127.080000,116.810000,149.320000,165.290000,177.870000,157.120000
155.760000,132.410000,84.280000,118.900000,112.890000,117.140000,100.740000,128.360000,169.970000,148.730000,178.130000,180.810000,210.600000,191.630000,206.500000,204.810000,203.260000,207.870000,195.830000,190.210000,199.370000,168.120000,143.090000,132.530000,151.830000,150.660000,148.050000,149.810000,158.140000,154.830000,158.270000,150.730000,144.960000,161.720000,165.580000,198.230000,211.400000,215.400000,199.870000,176.800000,161.280000,179.940000,160.450000,154.420000,153.030000,160.050000,158.510000,151.550000
158.820000,132.670000,157.850000,169.550000,166.100000,143.620000,174.180000,163.870000,166.540000,153.230000,195.150000,148.190000,137.530000,161.770000,182.840000,197.760000,198.850000,203.920000,202.740000,194.060000,178.700000,177.130000,180.110000,172.810000,152.630000,160.380000,167.200000,163.010000,157.850000,147.420000,155.860000,152.340000,144.560000,146.510000,157.650000,183.370000,176.250000,171.720000,173.690000,156.920000,146.720000,141.570000,118.360000,92.180000,84.120000,44.300000,8.710000,-5.820000
15.790000,74.050000,58.300000,81.200000,84.020000,82.030000,130.190000,136.750000,136.140000,133.770000,120.600000,139.030000,161.510000,184.510000,209.990000,219.410000,223.550000,231.600000,209.740000,189.020000,168.110000,142.710000,145.400000,149.890000,175.500000,180.240000,137.360000,122.290000,172.140000,176.240000,182.960000,182.270000,171.840000,179.560000,181.120000,208.530000,220.140000,215.030000,199.020000,166.240000,177.950000,177.170000,181.980000,168.790000,171.380000,154.290000,180.720000,176.750000
176.800000,166.140000,88.470000,123.160000,110.060000,102.680000,103.150000,105.820000,134.930000,116.080000,137.920000,140.780000,147.760000,121.230000,125.550000,208.980000,161.510000,201.150000,183.960000,185.330000,187.670000,182.970000,199.630000,200.010000,187.310000,174.590000,162.050000,153.880000,154.780000,162.240000,154.500000,164.280000,162.250000,187.500000,213.650000,219.230000,225.070000,222.830000,216.900000,191.640000,183.310000,164.680000,163.330000,170.970000,146.190000,142.100000,126.220000,137.180000
116.370000,106.780000,135.000000,141.420000,167.660000,167.570000,155.150000,144.990000,144.370000,145.330000,129.060000,112.350000,146.410000,136.910000,143.300000,162.020000,133.160000,144.220000,124.130000,122.910000,118.520000,113.470000,105.790000,109.660000,112.910000,103.910000,100.820000,95.620000,94.420000,95.060000,110.860000,109.710000,120.070000,118.500000,125.620000,134.180000,149.980000,151.740000,138.540000,125.340000,126.200000,132.950000,125.710000,140.560000,135.150000,131.830000,140.060000,160.450000
147.230000,106.780000,90.520000,93.100000,90.150000,77.470000,68.090000,65.020000,70.180000,55.720000,55.290000,60.100000,91.750000,100.390000,124.540000,136.390000,139.910000,143.120000,142.910000,143.190000,143.700000,136.120000,99.620000,87.760000,86.860000,86.660000,93.720000,91.650000,100.110000,110.770000,128.380000,128.560000,119.820000,122.300000,143.870000,162.670000,164.540000,178.260000,178.170000,147.700000,144.820000,141.630000,109.900000,113.730000,126.530000,120.760000,109.640000,117.690000
20.380000,18.900000,5.930000,-2.360000,-10.230000,-15.560000,-15.890000,-20.190000,-1.430000,8.480000,23.800000,46.320000,78.320000,98.310000,111.760000,123.460000,129.960000,125.010000,117.350000,107.410000,113.070000,111.850000,92.400000,100.480000,118.620000,121.030000,124.910000,112.930000,116.750000,125.050000,134.090000,151.800000,161.960000,156.750000,181.450000,191.070000,194.390000,183.320000,174.790000,166.550000,169.750000,152.930000,123.080000,119.510000,114.790000,109.170000,94.500000,110.380000
126.200000,135.970000,126.910000,132.800000,130.450000,124.230000,113.990000,113.830000,121.380000,102.600000,133.260000,111.890000,174.000000,166.950000,179.020000,235.670000,212.360000,206.550000,188.350000,171.360000,212.050000,175.040000,150.020000,156.180000,184.910000,226.060000,221.610000,208.320000,214.400000,229.310000,377.900000,351.570000,404.360000,753.530000,1699.740000,1815.370000,1557.210000,976.730000,321.130000,244.340000,237.070000,227.170000,185.280000,175.640000,170.860000,171.580000,157.990000,169.040000
138.970000,147.170000,144.370000,139.530000,133.670000,120.610000,127.440000,127.500000,133.510000,117.970000,155.560000,118.310000,119.220000,126.180000,205.120000,220.690000,227.660000,212.300000,211.910000,200.060000,201.940000,200.080000,195.600000,176.610000,188.600000,184.170000,197.120000,196.600000,183.340000,177.420000,212.090000,218.000000,232.720000,256.030000,253.760000,259.650000,248.740000,219.420000,179.980000,179.030000,174.460000,169.300000,145.270000,148.560000,139.250000,143.510000,65.900000,86.140000
113.230000,128.020000,141.730000,142.150000,147.740000,145.920000,135.110000,125.840000,132.240000,122.700000,188.740000,170.820000,176.610000,159.220000,162.140000,182.800000,155.120000,174.870000,205.880000,189.810000,142.730000,158.520000,147.130000,146.270000,148.940000,144.480000,146.320000,154.470000,147.630000,139.990000,149.620000,152.480000,143.940000,165.140000,206.710000,198.430000,189.270000,173.860000,188.190000,184.740000,183.840000,179.340000,153.280000,142.780000,145.180000,140.530000,128.450000,165.260000
148.270000,151.240000,149.960000,144.470000,125.600000,128.850000,137.630000,144.990000,145.620000,148.680000,178.470000,146.040000,176.670000,168.720000,199.860000,241.360000,201.000000,188.730000,205.780000,169.520000,167.550000,157.830000,154.030000,175.260000,209.170000,182.900000,164.830000,161.840000,156.520000,157.950000,183.110000,210.930000,195.870000,242.630000,206.640000,194.360000,200.970000,187.220000,169.970000,158.140000,168.720000,165.480000,149.310000,143.540000,142.200000,156.280000,131.620000,132.660000
109.330000,142.530000,146.720000,135.200000,141.060000,141.700000,141.580000,118.800000,130.450000,61.780000,106.930000,60.330000,93.950000,110.790000,113.180000,127.760000,127.010000,154.750000,151.310000,156.110000,148.540000,125.160000,113.090000,90.230000,126.550000,132.010000,123.540000,111.870000,107.620000,109.580000,131.790000,148.590000,153.070000,174.810000,177.150000,173.070000,171.520000,157.470000,137.780000,116.920000,109.920000,110.070000,92.030000,57.940000,54.760000,24.220000,46.860000,10.550000
35.400000,39.520000,70.170000,42.840000,41.070000,37.640000,31.400000,26.580000,37.010000,-6.370000,-23.990000,-8.830000,54.120000,82.140000,80.960000,99.210000,74.820000,138.590000,120.010000,132.260000,146.760000,115.730000,62.560000,85.130000,107.420000,120.750000,128.190000,142.530000,145.400000,144.640000,142.070000,165.410000,180.080000,191.840000,227.830000,230.680000,227.500000,225.500000,211.400000,200.360000,199.580000,191.420000,187.930000,190.510000,191.950000,185.840000,179.590000,173.960000
171.080000,185.660000,179.420000,174.650000,184.040000,189.530000,178.850000,171.230000,159.970000,135.110000,190.780000,158.380000,186.000000,168.130000,203.240000,222.370000,222.360000,220.750000,215.420000,200.570000,191.970000,173.580000,183.850000,164.820000,164.010000,151.050000,165.840000,157.400000,180.140000,174.620000,197.450000,206.070000,210.190000,227.750000,240.680000,225.370000,191.810000,175.500000,173.250000,156.440000,150.320000,160.580000,146.500000,148.750000,144.120000,154.710000,125.370000,122.850000
147.030000,157.620000,164.820000,163.190000,142.590000,141.640000,171.430000,171.040000,159.380000,132.860000,176.600000,151.200000,163.020000,149.050000,166.720000,183.780000,168.940000,162.860000,151.330000,143.110000,128.000000,125.800000,137.320000,142.270000,134.520000,129.920000,128.910000,136.490000,138.240000,135.480000,161.230000,161.510000,158.980000,186.590000,203.630000,191.400000,204.050000,206.730000,195.460000,172.000000,157.170000,166.460000,141.660000,140.500000,131.100000,128.460000,100.400000,77.270000
59.200000,78.950000,95.170000,83.770000,89.190000,99.660000,138.230000,144.570000,143.230000,150.480000,166.330000,146.910000,155.440000,162.200000,153.590000,214.700000,198.950000,175.010000,196.970000,200.320000,182.270000,194.810000,212.880000,207.240000,186.510000,181.640000,223.580000,231.890000,203.760000,209.410000,232.920000,258.030000,227.750000,265.580000,262.730000,238.120000,228.450000,213.070000,190.500000,184.480000,192.010000,163.800000,149.180000,149.620000,157.540000,157.530000,147.720000,120.190000
109.490000,132.110000,130.070000,134.690000,138.350000,141.670000,148.040000,139.290000,140.630000,145.550000,149.870000,148.240000,167.850000,152.490000,164.050000,210.010000,168.530000,179.990000,177.210000,176.040000,190.080000,175.640000,186.900000,180.330000,169.390000,161.940000,153.180000,144.040000,161.940000,154.570000,159.100000,154.680000,165.160000,186.890000,177.700000,162.000000,176.480000,152.930000,153.900000,157.530000,158.490000,156.250000,158.830000,134.910000,140.180000,142.160000,152.090000,149.460000
137.120000,134.920000,135.110000,106.470000,96.440000,72.300000,68.230000,70.360000,86.390000,103.610000,154.180000,159.020000,176.900000,166.410000,181.300000,198.760000,176.090000,187.150000,195.650000,193.320000,191.930000,184.540000,181.680000,179.690000,164.220000,165.460000,155.210000,150.100000,156.920000,146.040000,156.420000,167.040000,176.540000,187.160000,177.410000,181.300000,178.290000,155.660000,150.510000,126.560000,127.230000,133.370000,148.930000,164.610000,145.880000,144.840000,175.810000,179.030000
171.650000,175.750000,175.010000,169.720000,136.220000,140.710000,140.730000,132.350000,114.590000,113.690000,117.450000,129.630000,154.870000,170.560000,180.220000,177.490000,131.220000,134.450000,173.370000,208.950000,179.020000,162.760000,184.550000,179.960000,164.770000,148.270000,151.040000,167.410000,164.900000,168.810000,191.940000,190.170000,174.670000,206.940000,228.010000,217.720000,196.100000,187.550000,213.730000,194.130000,185.440000,178.960000,173.880000,169.650000,161.460000,160.130000,152.730000,162.200000
164.220000,162.290000,157.060000,166.750000,171.220000,157.220000,152.330000,166.840000,167.010000,176.020000,172.310000,165.090000,141.080000,135.160000,173.350000,182.630000,143.780000,148.220000,148.480000,153.150000,156.960000,151.730000,128.990000,127.830000,136.100000,147.550000,146.090000,154.040000,130.760000,126.280000,139.210000,139.520000,145.660000,194.020000,195.090000,185.270000,182.360000,176.300000,176.150000,144.320000,149.980000,158.420000,147.990000,139.450000,149.470000,142.040000,124.890000,118.670000
103.270000,100.620000,111.960000,116.940000,116.260000,110.530000,107.940000,110.410000,110.160000,104.350000,111.440000,115.400000,113.610000,114.680000,168.230000,220.340000,227.760000,227.010000,221.900000,232.610000,244.890000,238.920000,244.550000,250.840000,260.900000,299.060000,278.790000,280.440000,278.960000,277.620000,533.220000,537.520000,493.790000,693.980000,1149.120000,1036.570000,831.100000,683.040000,281.180000,211.190000,209.170000,191.770000,193.030000,175.470000,179.400000,172.370000,137.620000,132.930000
158.180000,185.030000,159.250000,151.930000,145.290000,152.260000,153.030000,147.850000,151.630000,139.370000,177.550000,143.550000,153.810000,164.070000,203.070000,189.010000,166.350000,146.080000,172.910000,169.300000,169.470000,158.180000,142.740000,150.130000,157.080000,169.430000,175.570000,175.480000,175.700000,175.210000,183.580000,186.410000,195.450000,240.440000,220.810000,219.900000,229.530000,209.450000,187.430000,188.620000,172.450000,181.310000,183.030000,179.980000,154.600000,166.630000,172.530000,177.360000
183.550000,165.380000,169.240000,172.060000,139.840000,164.570000,195.990000,190.540000,166.880000,151.010000,150.610000,93.190000,156.100000,169.390000,154.060000,184.240000,157.820000,181.850000,187.150000,176.900000,191.850000,173.520000,168.320000,161.800000,163.930000,156.440000,157.040000,156.650000,154.020000,154.990000,181.620000,213.350000,205.360000,232.920000,233.090000,256.300000,250.650000,229.620000,209.200000,187.360000,177.300000,177.060000,179.660000,166.560000,152.770000,153.350000,109.730000,86.490000
114.260000,124.410000,108.360000,87.410000,82.620000,74.570000,94.190000,92.140000,89.450000,92.120000,105.700000,122.760000,144.200000,138.570000,139.930000,145.990000,142.890000,142.270000,151.230000,150.810000,150.670000,147.740000,134.200000,132.620000,149.660000,171.060000,152.900000,147.290000,149.200000,147.420000,166.550000,172.110000,172.700000,194.680000,197.960000,204.060000,205.060000,195.600000,175.110000,164.270000,166.520000,164.680000,173.850000,169.630000,157.370000,155.830000,117.670000,86.540000
91.270000,112.570000,116.650000,94.230000,94.020000,100.030000,101.890000,104.800000,117.280000,126.620000,147.130000,157.230000,160.260000,162.100000,150.180000,145.330000,154.010000,161.430000,162.540000,173.470000,173.270000,169.200000,155.670000,149.640000,153.530000,165.600000,173.180000,184.490000,193.390000,195.300000,225.230000,234.860000,234.990000,250.060000,254.400000,237.880000,216.810000,209.730000,201.330000,181.640000,175.200000,184.600000,185.900000,183.630000,178.550000,173.550000,172.110000,190.610000
198.210000,195.770000,170.560000,176.770000,185.830000,179.860000,176.580000,132.660000,118.210000,116.920000,136.850000,127.690000,106.650000,116.980000,151.270000,184.550000,190.700000,188.930000,193.660000,211.050000,218.190000,219.500000,224.600000,224.270000,222.660000,221.420000,191.480000,182.060000,202.830000,205.010000,218.050000,219.860000,219.390000,232.490000,227.790000,228.340000,230.600000,224.060000,187.690000,173.300000,173.010000,176.700000,178.640000,169.590000,167.530000,167.680000,187.290000,194.530000
189.960000,189.740000,182.300000,188.700000,187.330000,188.670000,183.100000,155.640000,132.090000,146.420000,175.130000,179.800000,181.470000,149.290000,148.240000,130.450000,136.640000,162.560000,182.600000,188.400000,173.870000,152.810000,144.310000,146.360000,150.400000,155.500000,160.020000,165.820000,165.840000,170.130000,204.040000,213.350000,203.160000,215.400000,223.580000,226.220000,229.490000,212.300000,205.690000,183.670000,184.880000,183.910000,177.590000,175.680000,172.290000,167.010000,155.360000,149.080000
105.110000,127.080000,144.460000,135.250000,130.610000,141.120000,148.100000,115.160000,149.780000,144.080000,168.220000,162.290000,182.920000,146.280000,158.310000,180.660000,186.070000,201.010000,187.960000,175.640000,169.890000,170.710000,152.780000,168.520000,180.780000,176.130000,168.730000,162.040000,166.480000,165.500000,222.530000,250.930000,218.490000,227.240000,223.460000,244.220000,248.410000,227.610000,192.990000,181.920000,175.180000,172.780000,176.810000,158.920000,161.710000,166.670000,82.240000,96.820000
97.490000,129.630000,127.550000,136.740000,155.150000,158.780000,156.100000,138.970000,139.190000,121.520000,166.430000,154.740000,215.370000,191.810000,279.070000,306.030000,296.810000,283.320000,276.040000,269.180000,275.620000,256.630000,218.680000,221.270000,220.930000,230.120000,232.990000,234.590000,243.570000,237.500000,251.800000,271.160000,245.720000,291.710000,470.380000,424.040000,406.380000,365.300000,308.890000,241.870000,238.540000,208.080000,198.150000,176.750000,187.570000,169.460000,169.950000,119.130000
175.530000,184.510000,177.270000,164.980000,172.410000,162.330000,175.480000,172.380000,178.380000,174.180000,174.630000,189.560000,189.700000,199.330000,229.360000,263.950000,262.090000,255.830000,282.560000,281.520000,281.140000,280.050000,259.120000,272.820000,273.150000,290.570000,340.440000,321.740000,326.420000,343.180000,404.660000,758.140000,431.820000,496.250000,596.050000,527.130000,549.680000,480.250000,307.710000,262.120000,252.250000,201.180000,219.070000,204.790000,188.450000,184.820000,133.520000,129.580000
162.990000,180.600000,183.550000,174.710000,152.340000,124.980000,119.980000,113.930000,164.850000,166.810000,144.300000,160.700000,177.240000,185.170000,195.710000,215.780000,183.030000,211.310000,243.250000,230.750000,230.120000,209.360000,214.860000,226.080000,227.780000,221.230000,218.090000,196.630000,209.290000,208.210000,260.970000,277.800000,246.550000,289.310000,271.450000,246.660000,253.880000,251.970000,223.310000,204.900000,193.300000,182.620000,185.730000,175.350000,177.860000,188.160000,190.440000,195.470000
198.740000,205.860000,200.840000,166.720000,171.580000,129.970000,124.670000,97.440000,108.170000,112.240000,156.630000,180.090000,166.430000,174.770000,217.560000,233.790000,209.910000,229.840000,244.980000,245.570000,245.840000,241.620000,228.830000,212.830000,202.550000,205.980000,201.100000,199.280000,203.920000,195.290000,170.030000,154.490000,213.420000,244.080000,249.150000,236.190000,218.080000,228.220000,234.580000,227.410000,210.380000,221.980000,219.690000,214.990000,215.170000,207.680000,216.920000,221.030000
215.850000,225.050000,228.200000,221.610000,223.280000,212.970000,224.290000,225.530000,224.400000,222.410000,217.820000,208.710000,203.430000,193.070000,160.500000,158.660000,157.420000,169.060000,171.440000,186.390000,196.480000,195.970000,220.310000,212.980000,183.940000,160.790000,181.840000,181.350000,178.960000,182.090000,224.330000,229.160000,235.210000,243.110000,250.500000,248.730000,250.830000,244.100000,230.840000,211.350000,201.340000,216.290000,217.560000,216.700000,204.230000,203.470000,203.470000,203.940000
192.210000,200.330000,203.260000,204.670000,202.430000,199.420000,186.530000,196.450000,180.100000,166.310000,176.960000,199.270000,199.150000,197.570000,202.790000,216.770000,206.590000,206.830000,233.730000,230.870000,232.500000,228.790000,220.760000,223.060000,221.520000,226.940000,236.260000,232.570000,226.500000,208.220000,240.750000,241.500000,236.240000,252.530000,268.360000,268.380000,260.510000,257.070000,228.810000,210.740000,183.090000,181.920000,205.050000,192.290000,190.030000,186.060000,192.130000,188.150000
160.950000,169.820000,161.630000,160.780000,176.290000,175.890000,177.740000,173.200000,174.140000,171.270000,148.630000,167.650000,157.760000,161.580000,173.630000,261.360000,258.480000,252.170000,281.820000,300.090000,307.590000,284.900000,298.330000,283.370000,277.390000,275.380000,277.470000,282.130000,290.270000,292.630000,326.480000,305.130000,296.240000,302.050000,297.760000,288.770000,307.480000,299.660000,234.460000,208.380000,202.670000,206.930000,195.840000,192.550000,186.790000,186.260000,88.100000,75.400000
87.330000,118.780000,156.900000,158.090000,139.450000,121.010000,82.530000,81.180000,93.350000,92.730000,115.560000,142.510000,179.790000,175.460000,194.300000,189.190000,168.680000,165.030000,197.650000,191.720000,187.930000,194.030000,208.640000,218.600000,217.230000,202.330000,207.500000,219.030000,256.700000,251.920000,223.810000,259.550000,241.280000,281.280000,288.900000,285.030000,284.750000,246.410000,192.010000,207.410000,210.500000,195.920000,180.220000,173.340000,171.090000,174.550000,132.950000,83.020000
133.980000,186.870000,197.400000,167.630000,80.500000,72.510000,56.290000,52.550000,67.370000,78.640000,134.580000,146.350000,138.930000,170.380000,156.350000,140.490000,166.700000,169.860000,212.810000,207.560000,175.570000,174.260000,171.180000,173.250000,190.670000,197.630000,196.580000,187.010000,178.250000,167.130000,183.720000,210.510000,224.530000,251.240000,258.220000,258.130000,238.090000,231.030000,238.250000,196.520000,200.030000,181.410000,187.930000,175.620000,160.150000,188.570000,219.640000,220.040000
218.330000,229.780000,227.210000,215.080000,214.960000,218.440000,205.640000,192.990000,195.940000,184.730000,210.940000,202.380000,197.150000,181.080000,154.640000,194.130000,188.770000,228.240000,236.100000,227.010000,246.360000,244.650000,268.040000,268.440000,279.130000,284.200000,277.210000,288.140000,285.070000,284.480000,334.650000,330.400000,297.580000,382.790000,436.250000,422.210000,441.380000,376.060000,301.650000,255.060000,270.770000,204.250000,242.530000,225.200000,226.130000,202.420000,202.360000,189.610000
217.590000,236.490000,231.040000,218.390000,208.210000,186.310000,180.410000,110.920000,104.910000,30.710000,83.280000,102.200000,133.900000,142.500000,157.580000,211.700000,206.380000,211.870000,193.870000,186.570000,164.820000,149.890000,188.220000,216.140000,229.270000,253.420000,236.210000,272.460000,266.810000,323.000000,393.630000,405.070000,457.970000,639.860000,1013.960000,787.410000,565.170000,503.690000,344.690000,280.390000,273.260000,238.150000,227.030000,208.090000,212.660000,216.450000,171.570000,167.990000
183.430000,210.370000,166.650000,160.660000,164.930000,163.170000,142.320000,156.150000,155.170000,154.550000,0.000000,0.000000,0.000000,0.000000,190.710000,213.960000,191.870000,203.870000,207.740000,201.780000,194.510000,167.530000,162.940000,158.480000,155.740000,153.570000,152.330000,149.820000,147.600000,147.190000,154.260000,152.820000,155.800000,171.990000,173.120000,171.820000,178.310000,172.080000,166.060000,166.960000,156.510000,156.960000,145.340000,150.190000,151.140000,127.410000,168.870000,146.010000
106.810000,124.500000,126.470000,120.090000,138.810000,124.320000,117.040000,105.960000,106.490000,105.690000,124.110000,111.150000,97.070000,139.180000,191.270000,218.730000,193.170000,204.450000,209.500000,214.220000,217.540000,215.350000,224.190000,218.100000,199.640000,196.270000,194.780000,193.920000,191.390000,192.800000,208.960000,240.570000,219.480000,237.440000,252.380000,255.570000,254.530000,248.030000,229.860000,194.640000,217.950000,188.190000,192.430000,193.720000,180.800000,174.000000,159.110000,162.580000
151.180000,127.430000,163.690000,156.980000,175.710000,165.620000,179.430000,158.500000,166.400000,145.070000,208.540000,208.090000,221.770000,190.500000,213.540000,228.520000,237.400000,267.170000,256.580000,270.390000,276.980000,272.740000,266.000000,262.670000,268.030000,264.550000,243.020000,228.720000,241.080000,248.530000,244.000000,272.630000,276.270000,274.650000,262.460000,264.020000,253.670000,238.420000,226.990000,229.830000,220.340000,212.430000,192.620000,187.820000,179.150000,168.610000,164.760000,157.710000
146.570000,180.360000,147.280000,164.640000,168.830000,190.670000,186.960000,203.890000,199.150000,173.330000,222.910000,179.790000,192.030000,175.400000,165.950000,182.890000,215.940000,210.870000,193.740000,200.680000,189.340000,173.450000,169.710000,172.970000,198.630000,198.580000,190.900000,189.620000,192.000000,189.630000,161.220000,187.620000,193.080000,212.170000,206.240000,219.320000,221.720000,205.190000,181.210000,210.980000,213.430000,200.550000,197.860000,163.050000,175.410000,163.260000,157.660000,124.160000
93.470000,155.770000,112.430000,105.600000,148.840000,160.690000,102.700000,100.710000,132.570000,156.260000,204.350000,182.650000,223.180000,148.770000,167.990000,204.890000,203.910000,204.250000,217.710000,221.850000,220.850000,220.950000,234.940000,234.090000,228.020000,223.580000,224.860000,227.500000,237.790000,239.430000,255.070000,278.140000,266.360000,269.230000,270.670000,270.140000,265.040000,278.910000,263.510000,233.620000,248.640000,235.140000,214.320000,202.780000,199.470000,199.980000,192.830000,153.540000
150.130000,213.060000,226.400000,195.520000,188.670000,181.140000,189.240000,191.190000,195.510000,192.970000,226.040000,211.210000,264.080000,193.880000,235.620000,308.810000,270.530000,283.490000,286.090000,284.440000,285.110000,288.300000,282.500000,270.400000,264.080000,270.870000,263.940000,269.320000,273.240000,266.850000,252.220000,265.330000,254.030000,264.730000,246.380000,245.490000,252.450000,253.630000,219.920000,209.380000,195.110000,193.200000,188.110000,190.700000,194.640000,192.450000,130.760000,134.570000
148.050000,178.850000,159.450000,158.380000,145.450000,144.690000,158.670000,159.410000,184.490000,174.190000,218.320000,217.200000,236.590000,190.590000,244.370000,254.150000,232.290000,231.760000,221.500000,207.730000,194.510000,206.280000,208.380000,196.590000,190.980000,187.180000,183.530000,187.030000,206.790000,224.220000,204.800000,255.500000,264.580000,281.640000,253.390000,249.620000,248.140000,244.430000,233.930000,232.560000,244.330000,246.850000,244.390000,224.340000,213.260000,214.740000,228.470000,239.390000
234.010000,252.210000,239.770000,238.810000,227.080000,234.670000,230.090000,229.050000,228.890000,213.760000,210.780000,209.200000,231.300000,199.820000,221.010000,232.090000,242.820000,261.760000,240.470000,238.630000,235.340000,222.390000,232.710000,232.790000,227.680000,224.390000,231.760000,219.430000,224.350000,216.720000,242.080000,259.620000,246.820000,262.910000,243.100000,233.900000,256.320000,222.760000,240.140000,228.840000,223.980000,208.600000,214.810000,204.100000,205.880000,207.490000,112.310000,147.530000
116.100000,139.330000,183.210000,199.630000,182.470000,185.840000,173.940000,178.020000,172.060000,153.890000,151.200000,144.180000,158.590000,145.950000,194.580000,183.610000,208.970000,214.520000,169.980000,181.660000,203.030000,201.840000,196.930000,180.320000,173.130000,177.820000,157.840000,155.230000,171.830000,177.620000,185.180000,183.020000,223.850000,217.970000,211.840000,213.420000,228.980000,177.980000,186.080000,154.590000,107.680000,143.430000,168.500000,164.160000,183.010000,154.940000,86.960000,60.140000
79.790000,140.730000,151.950000,136.120000,136.120000,149.740000,166.580000,173.010000,197.230000,153.790000,217.900000,182.410000,189.790000,141.790000,194.020000,204.990000,222.360000,258.060000,275.250000,279.860000,282.270000,280.700000,277.320000,279.950000,283.600000,282.110000,287.170000,285.370000,281.120000,277.730000,294.230000,305.510000,305.690000,322.420000,300.120000,292.390000,289.110000,285.030000,262.320000,229.380000,245.300000,226.740000,246.030000,254.950000,237.540000,231.980000,252.740000,253.320000
258.250000,267.160000,230.770000,153.990000,178.230000,182.460000,180.840000,181.230000,179.370000,171.210000,182.280000,172.890000,201.920000,171.270000,139.940000,143.610000,167.780000,208.080000,256.690000,239.250000,238.290000,234.500000,232.060000,233.610000,236.900000,232.600000,249.600000,243.030000,239.140000,247.550000,236.170000,240.520000,242.750000,264.200000,270.070000,270.280000,274.000000,274.620000,249.520000,248.920000,247.780000,240.710000,216.820000,217.070000,191.580000,181.410000,95.840000,118.130000
101.150000,157.640000,175.780000,169.660000,134.120000,95.510000,49.800000,37.470000,70.690000,85.660000,167.170000,136.910000,172.380000,147.740000,234.930000,283.110000,296.410000,307.220000,317.640000,310.950000,318.720000,320.960000,319.340000,310.090000,313.660000,323.050000,327.110000,328.360000,283.370000,280.520000,288.920000,330.010000,272.010000,308.660000,326.850000,315.610000,324.970000,298.170000,307.630000,293.560000,260.900000,256.970000,225.580000,235.290000,238.340000,220.640000,218.870000,231.000000
272.280000,257.850000,235.950000,230.820000,220.600000,236.700000,241.890000,232.100000,228.490000,214.370000,253.710000,241.080000,265.310000,244.080000,261.060000,322.170000,316.220000,337.540000,319.590000,319.510000,302.740000,288.180000,327.570000,342.080000,307.350000,321.430000,302.020000,281.480000,331.200000,360.860000,476.290000,486.430000,472.500000,633.060000,634.050000,606.210000,577.090000,539.340000,383.500000,348.440000,351.710000,346.310000,250.740000,254.090000,256.300000,245.670000,232.500000,238.820000
254.040000,257.900000,247.560000,244.890000,234.490000,228.630000,238.730000,210.940000,210.480000,221.440000,256.440000,255.550000,281.090000,291.420000,290.280000,375.560000,287.530000,311.580000,350.750000,316.680000,292.660000,312.770000,337.330000,348.830000,328.480000,337.060000,358.360000,345.780000,323.170000,345.520000,356.760000,377.600000,340.690000,379.020000,366.520000,359.120000,368.850000,337.950000,305.260000,285.700000,288.760000,269.300000,267.990000,260.460000,283.320000,289.600000,250.090000,254.440000
277.020000,281.430000,302.850000,281.660000,277.200000,258.640000,237.490000,242.310000,252.300000,247.820000,264.860000,276.580000,289.290000,280.480000,295.580000,295.260000,290.370000,321.150000,287.560000,311.730000,328.280000,339.900000,269.220000,261.780000,297.880000,311.540000,290.410000,267.800000,284.340000,281.850000,286.110000,304.660000,326.970000,334.920000,335.850000,311.880000,324.460000,315.740000,316.360000,309.500000,280.020000,279.060000,327.820000,315.260000,305.680000,290.330000,348.380000,309.900000
294.540000,317.470000,284.710000,255.840000,271.840000,277.680000,286.440000,281.690000,289.250000,284.860000,287.050000,273.430000,303.690000,296.870000,311.870000,318.400000,305.340000,305.930000,300.140000,328.530000,324.070000,333.330000,337.870000,342.200000,348.420000,336.160000,336.120000,315.320000,303.460000,266.640000,308.360000,334.290000,329.960000,336.260000,318.840000,332.600000,335.320000,340.330000,325.350000,311.790000,307.040000,305.520000,297.970000,285.720000,282.190000,278.960000,295.320000,287.990000
294.240000,311.600000,285.590000,269.940000,265.490000,270.380000,293.800000,293.660000,278.770000,283.870000,261.270000,255.070000,301.850000,279.730000,266.420000,329.890000,301.290000,338.220000,337.970000,351.770000,368.960000,367.700000,359.750000,366.330000,391.900000,394.690000,386.210000,374.240000,366.960000,371.120000,367.330000,434.890000,414.050000,429.090000,399.980000,400.720000,402.720000,393.420000,346.320000,315.330000,325.710000,309.410000,275.950000,270.240000,296.440000,276.160000,263.280000,237.860000
287.460000,290.790000,263.790000,289.250000,302.770000,286.060000,261.530000,258.780000,291.460000,290.580000,338.330000,331.270000,272.830000,274.770000,349.820000,396.570000,347.630000,381.130000,317.630000,344.140000,364.150000,377.750000,352.050000,370.140000,386.920000,390.320000,390.040000,381.200000,399.300000,412.960000,422.140000,415.320000,426.020000,432.270000,410.670000,402.960000,414.940000,400.530000,363.940000,352.500000,362.550000,338.240000,365.390000,345.100000,337.020000,345.730000,386.730000,338.500000
302.110000,354.190000,328.000000,311.080000,310.010000,306.920000,313.290000,298.220000,337.250000,335.980000,388.410000,378.250000,350.780000,316.820000,338.780000,404.010000,396.080000,425.440000,440.340000,427.140000,384.420000,389.360000,435.930000,443.290000,447.070000,439.820000,443.290000,431.900000,424.000000,457.270000,485.680000,466.050000,495.290000,508.970000,502.150000,469.600000,457.820000,456.690000,412.370000,393.470000,413.430000,410.210000,364.440000,376.860000,368.540000,371.690000,369.750000,379.900000
380.520000,377.700000,363.090000,344.350000,347.620000,325.080000,323.400000,314.980000,333.810000,334.540000,320.450000,336.800000,376.110000,339.800000,343.140000,385.600000,409.060000,439.340000,391.150000,389.190000,397.070000,410.520000,408.500000,401.000000,380.730000,395.060000,383.300000,378.240000,377.780000,364.660000,359.940000,362.220000,356.490000,359.690000,334.900000,346.270000,342.260000,339.320000,306.190000,298.800000,276.590000,283.240000,267.900000,276.060000,258.690000,254.300000,252.580000,224.440000
197.050000,200.790000,199.490000,197.270000,206.890000,211.020000,188.770000,164.920000,179.210000,173.120000,164.980000,150.950000,179.490000,186.710000,189.780000,189.170000,209.640000,221.690000,223.790000,219.200000,211.980000,208.610000,201.070000,194.620000,219.950000,230.850000,202.310000,190.210000,197.110000,195.300000,198.400000,200.530000,200.920000,215.330000,199.670000,196.040000,195.700000,190.230000,178.760000,178.000000,177.320000,161.530000,146.210000,141.730000,156.000000,168.230000,127.460000,38.730000
116.130000,109.910000,91.700000,91.650000,109.680000,88.020000,67.280000,54.810000,56.410000,51.920000,57.940000,42.410000,1.120000,14.120000,53.530000,92.940000,75.800000,102.700000,155.500000,174.640000,142.070000,146.940000,169.050000,184.900000,167.100000,176.430000,185.350000,190.260000,193.560000,185.070000,188.310000,184.400000,190.360000,174.100000,174.680000,123.000000,129.700000,141.800000,153.810000,157.200000,154.980000,147.680000,148.310000,156.920000,147.020000,157.310000,123.810000,114.000000
106.470000,134.420000,158.980000,166.530000,151.150000,139.490000,118.740000,108.110000,108.570000,105.320000,100.910000,113.200000,109.860000,116.100000,141.350000,126.670000,146.220000,133.070000,142.940000,148.400000,162.560000,172.100000,155.690000,166.070000,167.320000,164.450000,148.440000,148.250000,148.910000,146.080000,171.690000,181.880000,185.970000,180.370000,178.480000,180.150000,184.850000,181.520000,181.670000,188.720000,185.560000,185.510000,182.540000,180.770000,179.040000,170.750000,148.630000,173.790000
188.820000,198.160000,198.500000,203.480000,195.920000,175.680000,150.690000,149.890000,151.660000,147.780000,151.200000,147.980000,154.190000,133.330000,205.830000,188.530000,198.070000,203.490000,166.610000,172.120000,171.360000,160.440000,171.230000,189.420000,182.420000,171.610000,199.290000,194.830000,192.460000,192.890000,190.310000,180.600000,160.390000,153.250000,174.540000,171.950000,161.850000,171.730000,166.390000,161.340000,178.510000,187.220000,192.710000,166.450000,156.370000,151.880000,158.870000,187.750000
185.210000,197.430000,202.010000,164.760000,162.750000,169.570000,170.010000,186.480000,212.890000,206.780000,206.320000,209.150000,208.190000,188.270000,167.750000,178.460000,181.380000,200.210000,206.070000,215.130000,212.920000,184.890000,175.830000,186.750000,186.510000,180.280000,177.770000,177.060000,172.140000,169.760000,172.410000,184.340000,167.580000,194.280000,208.760000,214.910000,202.250000,191.280000,202.200000,200.880000,184.660000,195.980000,193.680000,183.460000,190.060000,177.400000,203.410000,207.740000
211.710000,230.870000,223.250000,216.740000,206.950000,188.750000,154.280000,153.770000,172.650000,176.790000,193.490000,184.400000,192.050000,161.120000,159.520000,128.310000,143.070000,136.900000,136.970000,129.750000,130.450000,129.060000,151.300000,149.170000,148.520000,149.600000,145.780000,135.760000,152.950000,158.080000,153.420000,171.330000,156.990000,174.960000,176.320000,185.850000,171.740000,155.000000,154.050000,142.570000,137.200000,129.540000,122.080000,94.310000,83.720000,77.220000,-17.020000,-20.920000
9.100000,6.770000,-1.080000,-5.910000,24.680000,8.240000,-38.320000,-48.160000,-55.030000,-60.600000,-23.410000,-17.450000,-18.340000,-4.480000,29.460000,78.660000,-28.770000,34.440000,107.720000,118.700000,57.080000,109.990000,166.230000,157.810000,167.560000,165.440000,170.510000,178.690000,173.060000,157.500000,155.670000,159.970000,164.000000,170.710000,179.270000,189.460000,181.670000,142.280000,140.740000,154.390000,171.380000,156.780000,133.850000,128.360000,102.510000,51.080000,80.190000,39.240000
98.070000,118.050000,180.790000,138.230000,141.070000,72.860000,69.780000,-27.140000,-24.040000,-22.450000,3.230000,2.770000,47.990000,147.500000,144.220000,177.430000,127.040000,162.930000,128.250000,112.450000,100.690000,113.320000,97.240000,73.730000,140.590000,143.070000,100.230000,126.870000,150.820000,144.850000,140.650000,134.050000,114.800000,151.040000,156.410000,142.680000,138.850000,119.160000,122.450000,104.230000,111.320000,121.130000,96.570000,90.420000,91.390000,84.430000,34.380000,36.510000
43.830000,31.150000,24.740000,9.040000,37.090000,10.590000,-12.370000,-34.940000,-40.880000,-59.600000,-64.470000,-60.640000,-57.850000,-60.610000,-52.340000,-56.380000,-58.610000,-54.360000,-27.560000,9.780000,19.270000,50.230000,17.670000,33.810000,39.980000,72.600000,42.440000,30.050000,25.900000,31.990000,51.470000,51.130000,50.150000,62.550000,64.030000,71.560000,76.920000,70.790000,40.130000,45.020000,62.020000,62.310000,48.500000,47.030000,47.350000,40.870000,21.940000,17.660000
39.000000,50.540000,36.070000,25.990000,22.800000,21.280000,20.890000,-6.240000,-5.120000,-1.910000,1.100000,16.500000,14.100000,17.270000,8.160000,7.150000,4.000000,20.570000,24.430000,38.110000,27.440000,26.380000,44.060000,45.790000,53.230000,49.680000,53.040000,57.610000,67.800000,61.010000,73.960000,77.000000,79.020000,93.880000,81.450000,76.310000,76.850000,62.730000,53.980000,41.700000,57.570000,60.030000,23.890000,9.500000,14.190000,1.610000,3.650000,8.050000
7.360000,16.900000,-1.620000,-12.600000,-19.930000,-30.300000,-3.090000,-13.640000,-13.480000,-21.750000,-46.140000,-45.170000,-18.530000,-8.860000,51.940000,68.310000,52.430000,70.560000,86.050000,98.700000,96.970000,104.380000,95.480000,94.560000,107.630000,113.580000,109.290000,112.610000,120.460000,136.610000,131.940000,140.440000,107.540000,128.630000,148.040000,166.180000,158.090000,135.080000,145.970000,160.720000,168.230000,161.840000,155.320000,136.520000,128.030000,109.280000,74.180000,52.100000
69.490000,89.580000,86.030000,90.830000,94.190000,104.410000,120.400000,103.470000,116.020000,103.840000,103.270000,103.860000,143.530000,135.580000,165.060000,149.560000,150.430000,166.580000,178.870000,180.610000,182.390000,182.670000,183.980000,184.850000,192.610000,191.110000,191.070000,188.940000,174.020000,175.740000,197.700000,205.290000,190.530000,219.450000,229.230000,225.650000,224.120000,206.820000,194.310000,194.230000,194.470000,181.170000,167.650000,151.920000,164.180000,156.110000,124.810000,89.850000
100.710000,140.790000,122.960000,98.290000,140.410000,118.030000,122.330000,65.160000,94.480000,139.080000,130.180000,140.310000,169.250000,173.970000,190.510000,211.570000,208.950000,225.860000,211.970000,208.910000,205.380000,188.390000,180.310000,181.450000,169.280000,171.560000,195.680000,199.490000,201.240000,204.930000,215.560000,218.860000,238.690000,254.440000,261.290000,257.670000,250.910000,244.610000,246.470000,228.810000,223.160000,210.510000,207.410000,196.490000,187.910000,194.340000,174.660000,183.360000
154.150000,188.980000,180.350000,161.780000,153.430000,146.540000,166.310000,155.830000,167.890000,135.410000,151.190000,152.620000,158.720000,165.580000,186.400000,227.520000,234.150000,223.940000,219.280000,210.560000,200.520000,203.820000,208.440000,210.880000,187.340000,179.690000,178.430000,180.600000,191.040000,193.470000,201.240000,204.090000,185.580000,203.510000,211.780000,213.380000,219.390000,207.120000,171.710000,180.010000,187.390000,179.230000,174.360000,137.840000,179.300000,165.550000,168.550000,157.050000
138.060000,147.800000,104.560000,133.720000,145.170000,146.160000,147.720000,147.870000,163.490000,152.990000,170.210000,174.080000,162.400000,143.260000,179.820000,197.940000,221.420000,227.210000,213.120000,213.360000,202.850000,208.480000,197.040000,188.040000,195.560000,208.360000,216.950000,222.150000,222.470000,217.500000,228.490000,232.440000,217.050000,249.820000,255.000000,249.150000,244.470000,228.930000,225.660000,216.290000,212.660000,202.540000,192.180000,189.870000,200.710000,189.690000,169.220000,167.070000
175.300000,191.160000,171.630000,171.960000,181.000000,177.120000,184.700000,175.780000,185.390000,156.080000,153.870000,151.950000,174.760000,174.640000,179.210000,172.280000,171.800000,190.870000,140.820000,147.940000,163.010000,177.480000,159.520000,174.330000,190.350000,199.680000,187.050000,176.440000,169.350000,162.740000,177.150000,183.220000,176.930000,223.260000,219.340000,216.630000,208.170000,189.440000,166.620000,147.680000,143.870000,150.330000,177.220000,176.540000,177.020000,168.630000,203.350000,169.230000
176.700000,166.590000,182.740000,177.360000,158.260000,153.180000,132.300000,98.340000,92.110000,63.310000,89.010000,153.680000,163.770000,136.660000,127.070000,118.880000,132.340000,167.640000,165.960000,184.410000,172.200000,168.750000,162.000000,170.270000,180.400000,171.360000,183.220000,192.820000,192.330000,195.690000,234.020000,234.320000,244.270000,260.890000,270.220000,267.510000,265.660000,265.140000,249.880000,238.220000,237.740000,233.900000,208.290000,190.900000,173.650000,190.860000,194.740000,176.690000
158.210000,162.270000,162.270000,163.670000,157.950000,156.680000,152.560000,151.870000,172.590000,174.720000,201.860000,178.770000,190.630000,197.140000,243.490000,247.120000,238.830000,232.370000,221.290000,214.130000,231.870000,223.010000,222.940000,212.970000,198.750000,195.210000,226.330000,231.080000,235.230000,227.260000,234.730000,233.180000,220.610000,230.170000,218.880000,215.180000,219.600000,215.790000,215.130000,201.210000,181.170000,189.650000,197.150000,190.180000,190.020000,184.640000,178.990000,194.920000
183.440000,205.580000,204.060000,184.770000,163.840000,164.960000,174.100000,168.610000,178.930000,174.670000,203.520000,190.360000,196.580000,126.000000,127.520000,188.110000,212.530000,219.620000,203.250000,209.240000,193.510000,208.090000,198.970000,213.890000,186.430000,184.680000,186.880000,185.210000,193.030000,201.080000,211.160000,210.260000,209.690000,231.730000,202.590000,218.410000,225.670000,222.500000,198.720000,190.340000,192.580000,187.720000,178.330000,172.200000,178.360000,169.350000,0.000000,0.000000
57.340000,146.870000,149.140000,119.470000,90.570000,111.960000,152.920000,152.010000,141.540000,140.040000,134.220000,143.370000,137.850000,116.920000,147.770000,206.230000,221.700000,216.040000,211.320000,203.580000,210.220000,206.340000,211.140000,205.020000,192.940000,185.750000,179.060000,187.240000,168.580000,181.310000,210.660000,235.480000,239.780000,255.190000,232.750000,228.510000,233.900000,221.820000,200.150000,170.360000,148.100000,162.720000,168.550000,170.520000,164.300000,148.090000,137.000000,166.570000
153.580000,161.410000,146.120000,131.040000,142.070000,141.000000,136.730000,130.240000,138.320000,154.630000,154.050000,154.970000,157.670000,118.960000,120.360000,158.570000,172.820000,204.690000,205.410000,195.620000,190.730000,175.730000,154.390000,145.760000,151.610000,146.400000,160.340000,156.420000,155.600000,154.940000,161.940000,191.890000,187.450000,216.660000,217.320000,221.520000,219.860000,203.900000,183.560000,150.950000,174.070000,157.380000,160.100000,163.450000,161.620000,138.010000,109.570000,108.130000
126.410000,144.330000,162.140000,156.300000,137.450000,145.390000,155.480000,157.520000,158.210000,137.080000,119.370000,106.750000,154.550000,160.240000,205.450000,252.290000,219.320000,238.780000,245.790000,231.090000,208.500000,206.170000,190.960000,195.040000,196.340000,195.290000,225.120000,226.760000,230.980000,228.410000,325.880000,350.090000,337.390000,542.850000,682.820000,707.780000,596.850000,424.930000,333.190000,241.460000,229.620000,221.710000,200.730000,196.340000,204.310000,198.930000,196.830000,185.720000
181.000000,192.200000,184.740000,173.980000,163.440000,159.620000,159.460000,145.970000,149.910000,145.120000,152.480000,162.420000,182.350000,200.170000,208.460000,231.230000,180.340000,228.700000,223.930000,242.300000,244.610000,242.390000,251.850000,252.260000,255.070000,254.490000,250.030000,248.730000,234.870000,224.550000,246.180000,252.220000,263.160000,277.280000,298.590000,325.430000,322.320000,265.190000,254.960000,210.490000,213.210000,233.150000,228.580000,213.410000,218.510000,223.990000,165.890000,173.450000
187.980000,190.030000,186.600000,184.500000,183.610000,175.070000,172.810000,168.060000,177.210000,174.070000,190.150000,188.790000,192.460000,194.440000,214.860000,209.190000,185.340000,220.530000,240.070000,246.940000,230.060000,217.300000,219.870000,220.400000,215.300000,215.680000,212.230000,211.660000,207.930000,199.480000,207.900000,212.150000,220.820000,231.460000,232.170000,235.130000,232.450000,202.210000,207.400000,181.790000,183.330000,191.100000,192.110000,178.960000,173.680000,156.460000,132.180000,138.070000
128.870000,133.270000,157.490000,168.660000,163.230000,163.740000,153.320000,138.180000,141.410000,150.900000,116.670000,158.330000,176.570000,168.270000,190.650000,219.160000,216.530000,219.570000,221.910000,215.850000,193.670000,193.140000,216.650000,215.390000,207.990000,205.890000,194.460000,203.170000,207.620000,227.750000,281.150000,252.240000,245.150000,309.480000,369.590000,377.810000,372.520000,330.590000,221.870000,212.930000,212.990000,199.500000,187.550000,182.710000,187.540000,182.550000,206.210000,202.200000
164.760000,180.830000,165.060000,144.410000,168.190000,158.200000,164.410000,180.490000,194.420000,176.120000,202.460000,188.530000,225.560000,242.930000,247.650000,253.950000,239.790000,246.840000,246.610000,249.700000,243.280000,229.000000,206.800000,190.830000,216.210000,218.130000,216.180000,208.060000,225.040000,216.510000,227.340000,228.720000,233.220000,242.460000,265.230000,260.620000,248.190000,243.130000,228.800000,218.670000,190.890000,208.610000,197.060000,186.580000,184.650000,188.680000,185.690000,183.060000
176.560000,183.330000,177.690000,175.430000,168.780000,149.650000,159.350000,146.890000,151.770000,155.210000,154.510000,160.270000,162.440000,112.120000,130.870000,183.350000,176.360000,196.130000,209.390000,207.730000,199.180000,196.670000,169.350000,165.950000,162.610000,152.120000,153.350000,151.050000,149.370000,155.250000,175.180000,189.020000,203.650000,207.070000,223.900000,224.990000,217.350000,211.930000,212.580000,203.590000,201.890000,184.320000,172.410000,150.830000,165.720000,157.880000,146.340000,138.690000
136.220000,147.670000,152.600000,142.700000,131.460000,132.150000,142.940000,155.000000,148.230000,144.070000,125.310000,138.070000,175.430000,142.760000,169.670000,189.300000,183.130000,190.620000,198.330000,206.310000,212.780000,207.030000,207.370000,208.940000,200.020000,193.070000,193.530000,175.300000,165.750000,162.750000,156.880000,180.820000,187.690000,188.300000,199.890000,206.550000,204.070000,192.890000,166.190000,147.310000,203.190000,174.700000,167.790000,157.960000,155.570000,162.720000,140.820000,121.060000
131.880000,141.730000,149.720000,126.740000,132.680000,139.100000,144.800000,133.800000,126.740000,133.520000,111.590000,115.370000,144.910000,135.780000,136.250000,188.770000,185.300000,190.590000,186.560000,191.080000,203.180000,195.360000,169.370000,185.480000,178.110000,170.090000,166.400000,171.890000,169.020000,176.610000,169.190000,169.400000,168.960000,173.940000,182.700000,199.390000,197.260000,192.150000,178.640000,165.140000,157.630000,157.280000,159.810000,154.990000,158.150000,156.810000,120.230000,133.300000
153.550000,172.270000,190.190000,176.490000,179.400000,172.570000,175.170000,179.330000,186.320000,179.040000,171.230000,171.130000,186.040000,173.870000,167.770000,196.620000,187.270000,198.200000,213.700000,219.820000,219.720000,218.220000,198.930000,197.110000,195.330000,190.200000,186.330000,189.330000,190.430000,184.880000,200.280000,199.150000,190.000000,214.360000,225.790000,236.400000,234.690000,220.520000,202.290000,169.310000,169.330000,158.690000,161.580000,161.590000,166.910000,164.170000,153.580000,155.040000
162.970000,175.850000,160.560000,148.970000,139.320000,136.300000,145.410000,138.120000,143.680000,145.250000,126.910000,137.700000,144.350000,142.660000,149.590000,150.380000,151.940000,158.970000,165.090000,174.080000,171.630000,173.320000,184.550000,192.270000,201.120000,206.160000,205.210000,206.300000,206.180000,201.180000,198.000000,210.600000,213.690000,224.400000,232.590000,233.390000,229.990000,216.520000,212.560000,189.690000,184.840000,181.620000,159.100000,151.950000,163.820000,155.700000,141.620000,143.160000
137.920000,151.090000,151.280000,143.760000,141.650000,141.580000,129.110000,131.150000,142.540000,143.060000,172.080000,174.990000,200.930000,224.210000,197.480000,262.770000,227.520000,261.600000,238.670000,253.280000,273.080000,282.910000,312.500000,318.840000,397.590000,503.820000,758.200000,774.230000,697.660000,607.990000,686.480000,863.700000,898.410000,1289.770000,1561.590000,1554.830000,1547.700000,1344.150000,638.980000,367.250000,404.650000,358.070000,248.380000,230.870000,231.950000,198.400000,173.180000,177.030000
180.050000,187.690000,178.950000,170.120000,165.340000,163.600000,164.410000,159.920000,161.710000,158.020000,176.300000,175.060000,204.720000,267.980000,370.870000,439.310000,398.670000,434.390000,394.020000,396.080000,405.020000,414.740000,346.640000,345.890000,374.320000,375.070000,333.290000,309.150000,348.760000,326.760000,488.370000,594.140000,516.550000,577.800000,576.680000,538.220000,521.440000,487.210000,335.050000,290.010000,301.640000,239.360000,233.200000,188.160000,192.440000,188.210000,118.950000,143.990000
163.050000,176.250000,174.380000,167.570000,167.010000,165.580000,162.100000,158.540000,154.000000,144.890000,158.260000,171.610000,188.250000,179.070000,196.380000,239.860000,239.000000,236.650000,230.940000,214.220000,237.450000,218.920000,192.600000,192.090000,200.840000,194.150000,179.670000,175.040000,173.790000,173.110000,189.550000,202.650000,190.130000,201.330000,200.410000,202.050000,204.670000,197.710000,181.820000,178.420000,198.960000,183.400000,165.050000,170.620000,173.870000,169.110000,176.230000,163.250000
181.370000,177.480000,170.220000,151.790000,143.970000,146.140000,129.010000,125.940000,129.200000,135.570000,178.020000,186.110000,180.820000,181.580000,194.820000,210.810000,200.430000,188.970000,216.150000,216.790000,214.620000,218.860000,220.830000,219.910000,217.950000,212.040000,200.220000,188.730000,189.020000,182.080000,187.300000,194.280000,184.750000,229.980000,262.750000,274.100000,268.080000,262.490000,249.390000,251.860000,238.380000,214.990000,229.060000,210.650000,199.450000,181.880000,159.960000,156.600000
154.550000,194.380000,202.820000,195.080000,159.180000,137.680000,154.380000,164.050000,187.190000,161.280000,172.370000,174.460000,197.450000,172.550000,212.540000,264.170000,246.030000,241.630000,225.460000,201.810000,193.750000,201.440000,205.620000,186.070000,189.000000,173.550000,168.350000,167.730000,172.940000,174.130000,190.690000,203.280000,196.630000,202.680000,202.370000,203.600000,204.050000,198.390000,191.270000,187.760000,166.430000,180.210000,183.670000,159.390000,158.990000,150.920000,172.240000,102.580000
129.010000,164.010000,168.890000,160.600000,157.370000,125.670000,89.680000,84.900000,112.000000,110.870000,138.170000,140.660000,144.710000,188.300000,203.010000,232.000000,220.280000,237.430000,234.310000,232.870000,228.340000,224.660000,209.200000,201.790000,193.450000,189.850000,173.870000,162.490000,179.090000,183.430000,181.450000,167.860000,173.230000,187.530000,206.490000,209.590000,209.130000,213.070000,191.130000,164.000000,184.170000,184.350000,192.620000,176.760000,184.350000,179.360000,190.770000,194.840000
402.070000,392.830000,366.190000,372.460000,353.760000,344.370000,382.630000,363.950000,399.850000,390.940000,418.350000,413.170000,438.990000,459.340000,393.380000,489.060000,450.420000,461.030000,463.630000,467.990000,434.490000,398.630000,359.530000,341.330000,351.420000,321.760000,298.280000,288.630000,262.330000,247.300000,293.270000,310.290000,364.820000,363.140000,413.180000,413.680000,416.050000,410.720000,344.350000,340.220000,330.940000,308.030000,232.190000,212.630000,202.640000,210.690000,184.990000,195.530000
204.650000,216.720000,227.020000,230.560000,225.740000,214.860000,212.600000,232.030000,234.140000,218.910000,216.630000,225.830000,238.820000,246.450000,268.850000,307.330000,291.830000,311.170000,301.100000,291.720000,280.270000,275.080000,252.180000,254.070000,252.390000,238.900000,225.780000,221.470000,242.280000,224.210000,218.290000,194.060000,231.550000,211.280000,222.630000,229.600000,209.720000,218.610000,214.870000,222.370000,220.430000,225.540000,239.710000,236.580000,239.430000,238.950000,287.260000,269.590000
268.510000,286.490000,203.860000,225.710000,233.700000,235.790000,259.390000,251.750000,237.530000,231.190000,226.910000,222.910000,234.170000,224.110000,222.930000,225.460000,214.290000,233.420000,201.240000,223.290000,229.140000,233.280000,294.340000,288.970000,287.410000,284.060000,288.410000,286.840000,287.460000,283.760000,302.510000,287.180000,329.340000,334.060000,387.550000,390.100000,397.060000,394.730000,396.910000,376.960000,354.430000,319.240000,254.980000,266.610000,259.980000,235.530000,217.530000,236.110000
233.220000,233.610000,222.870000,196.400000,199.810000,194.730000,185.990000,184.110000,188.790000,198.940000,230.300000,253.250000,278.940000,244.220000,322.180000,371.860000,363.460000,370.560000,331.430000,318.810000,278.560000,277.090000,273.050000,281.090000,274.300000,300.730000,325.130000,333.090000,351.680000,309.450000,380.080000,400.120000,423.690000,445.330000,464.270000,460.560000,418.930000,400.060000,353.560000,345.700000,365.020000,341.960000,294.510000,288.030000,270.760000,242.290000,231.940000,214.480000
200.160000,197.690000,169.200000,172.270000,219.550000,227.770000,208.440000,228.310000,252.840000,253.390000,280.210000,268.240000,286.770000,274.900000,259.200000,391.180000,324.450000,324.320000,293.250000,280.270000,242.660000,222.600000,194.820000,195.700000,193.360000,186.620000,190.300000,191.770000,190.740000,190.280000,202.120000,201.030000,235.920000,276.720000,348.200000,323.840000,366.450000,366.010000,304.600000,290.380000,311.980000,314.280000,301.710000,285.120000,270.840000,255.570000,166.570000,178.090000
189.590000,204.230000,239.990000,232.820000,216.830000,200.490000,193.640000,195.320000,184.480000,175.650000,175.980000,173.100000,172.940000,171.150000,146.340000,140.990000,188.370000,212.930000,175.690000,170.790000,176.180000,160.360000,150.450000,150.180000,147.790000,157.970000,171.920000,187.820000,179.330000,163.250000,167.070000,171.180000,214.840000,242.480000,278.320000,300.520000,290.200000,301.490000,339.070000,319.860000,346.010000,317.360000,336.450000,297.740000,239.550000,206.250000,178.970000,169.070000
188.130000,225.470000,231.690000,197.380000,185.840000,209.730000,230.090000,177.260000,173.670000,181.580000,170.390000,175.890000,170.100000,179.420000,297.030000,364.590000,344.220000,355.740000,356.190000,342.240000,351.610000,349.330000,292.690000,285.120000,281.790000,281.220000,261.710000,258.820000,271.800000,265.110000,250.220000,247.320000,273.830000,303.820000,324.660000,315.540000,315.340000,306.600000,288.800000,293.810000,344.080000,295.750000,296.030000,279.750000,249.890000,238.100000,258.870000,244.590000
255.030000,246.190000,204.570000,208.990000,211.730000,213.830000,232.560000,218.740000,232.180000,213.480000,236.520000,214.950000,226.340000,226.080000,248.560000,331.890000,336.970000,361.930000,305.550000,276.800000,279.740000,259.520000,234.790000,226.630000,235.170000,229.990000,228.910000,226.600000,226.880000,225.690000,238.590000,238.330000,247.200000,260.590000,297.790000,314.480000,324.710000,309.360000,318.900000,322.640000,325.660000,312.190000,292.650000,272.660000,288.460000,298.590000,330.840000,328.530000
296.050000,282.000000,261.910000,244.600000,256.210000,243.950000,223.110000,220.600000,224.370000,222.700000,227.070000,255.480000,257.550000,309.550000,290.010000,345.530000,282.710000,332.750000,314.320000,318.920000,334.500000,335.770000,286.740000,288.360000,292.150000,294.390000,290.380000,265.310000,264.490000,279.570000,338.330000,334.120000,341.620000,350.660000,364.760000,387.110000,391.530000,385.980000,361.980000,339.550000,372.660000,364.390000,340.520000,287.140000,324.090000,292.240000,302.510000,319.450000
322.010000,289.370000,298.120000,279.680000,294.630000,272.030000,271.920000,256.380000,282.500000,283.600000,256.830000,258.110000,281.180000,313.550000,263.030000,314.000000,276.610000,341.960000,301.150000,306.500000,345.360000,342.810000,281.650000,272.480000,280.800000,262.890000,244.230000,239.960000,246.660000,241.980000,268.270000,267.470000,280.180000,308.320000,346.840000,363.970000,344.420000,333.810000,304.000000,299.650000,310.220000,292.470000,274.630000,269.210000,274.930000,274.850000,305.160000,265.120000
254.670000,261.840000,249.190000,247.730000,244.670000,240.990000,238.380000,238.570000,238.830000,241.780000,239.310000,252.520000,276.170000,313.890000,383.960000,413.980000,407.490000,406.050000,350.020000,353.010000,349.530000,344.360000,291.100000,269.280000,276.390000,271.250000,260.470000,256.400000,273.020000,273.580000,331.010000,324.950000,337.500000,361.040000,377.460000,413.120000,444.600000,410.620000,402.580000,414.100000,408.730000,385.900000,342.550000,315.320000,289.820000,272.020000,298.890000,301.340000
293.600000,259.840000,250.390000,251.150000,265.220000,259.490000,256.340000,253.520000,257.150000,256.560000,242.450000,229.360000,231.160000,250.540000,336.710000,398.620000,366.380000,396.480000,342.750000,337.040000,332.370000,334.540000,258.660000,259.040000,262.700000,256.840000,251.440000,253.910000,262.910000,255.500000,292.140000,310.200000,362.090000,382.120000,421.520000,422.210000,412.290000,419.760000,393.670000,396.380000,391.370000,382.390000,347.350000,334.070000,326.470000,306.400000,258.400000,256.810000
282.100000,259.850000,271.040000,273.090000,264.880000,254.940000,236.720000,244.900000,252.010000,242.040000,245.430000,253.340000,319.230000,392.190000,473.420000,481.310000,508.900000,519.970000,504.130000,479.170000,487.700000,479.590000,446.380000,419.800000,425.800000,417.380000,379.610000,355.620000,371.160000,355.140000,289.820000,315.670000,324.290000,383.990000,392.430000,412.400000,423.960000,448.410000,391.420000,411.120000,381.030000,350.650000,346.730000,305.080000,310.470000,307.750000,293.970000,289.650000
272.360000,251.130000,260.310000,260.780000,260.640000,245.180000,251.750000,252.980000,258.300000,255.410000,293.570000,305.670000,331.210000,342.840000,322.520000,375.040000,383.150000,388.590000,353.790000,346.270000,320.740000,288.620000,268.880000,265.400000,257.530000,254.400000,292.010000,275.140000,274.330000,273.430000,267.440000,263.210000,265.680000,263.420000,293.810000,311.460000,303.030000,306.670000,304.130000,312.000000,320.880000,291.990000,270.760000,257.140000,243.420000,266.150000,221.170000,218.940000
216.010000,196.110000,181.250000,184.340000,159.720000,147.310000,155.390000,155.240000,172.980000,154.620000,267.400000,275.230000,279.130000,335.730000,373.290000,415.780000,326.590000,294.870000,250.220000,180.760000,177.550000,188.750000,171.460000,172.250000,207.640000,206.300000,221.930000,186.430000,181.740000,174.740000,177.210000,171.120000,165.680000,164.750000,186.940000,200.660000,219.070000,227.970000,214.410000,240.290000,272.620000,254.710000,248.270000,222.520000,222.260000,226.120000,155.510000,190.360000
168.020000,159.860000,154.530000,156.390000,151.270000,151.010000,153.800000,154.930000,157.490000,157.880000,177.890000,174.260000,210.610000,181.250000,165.880000,178.280000,174.740000,187.710000,158.200000,155.500000,169.730000,155.890000,143.660000,144.340000,145.870000,145.730000,126.570000,104.420000,88.510000,85.320000,100.910000,109.190000,142.270000,145.010000,173.590000,173.850000,199.680000,197.730000,197.730000,198.290000,206.920000,194.330000,177.690000,171.160000,186.320000,200.070000,142.420000,185.130000
165.790000,161.080000,181.270000,183.650000,153.360000,153.930000,154.820000,160.790000,172.270000,168.760000,182.190000,181.740000,186.230000,155.790000,181.660000,195.640000,175.740000,183.830000,155.860000,114.870000,106.480000,103.870000,114.300000,115.260000,126.450000,137.030000,129.880000,123.990000,124.670000,121.280000,101.570000,95.930000,138.660000,130.950000,176.620000,196.710000,210.610000,191.890000,174.090000,185.400000,189.220000,172.120000,165.500000,161.870000,178.800000,187.440000,171.150000,185.600000
162.650000,152.430000,144.220000,146.740000,154.430000,159.840000,173.040000,187.130000,211.040000,186.560000,301.120000,285.920000,259.990000,200.100000,177.810000,169.550000,157.080000,164.330000,192.690000,205.040000,214.420000,232.760000,240.930000,221.410000,217.310000,220.630000,214.840000,229.930000,213.290000,219.130000,261.500000,257.520000,311.270000,319.710000,335.180000,347.860000,337.490000,362.360000,319.440000,313.470000,325.760000,295.520000,282.040000,237.210000,230.020000,220.020000,206.310000,207.940000
176.230000,159.120000,156.730000,155.390000,154.720000,157.450000,170.100000,168.710000,171.300000,171.390000,180.020000,177.690000,159.060000,220.440000,311.440000,338.210000,352.810000,344.280000,326.380000,323.370000,326.630000,292.180000,244.410000,246.050000,230.090000,213.220000,204.460000,206.400000,239.050000,225.690000,252.100000,305.720000,291.560000,304.850000,341.170000,366.870000,363.030000,352.490000,323.430000,316.380000,363.540000,308.230000,286.830000,245.700000,246.000000,215.420000,233.180000,219.780000
228.550000,207.270000,208.620000,205.920000,211.850000,207.040000,221.500000,190.940000,165.290000,183.620000,199.870000,184.990000,165.300000,167.000000,268.030000,284.420000,331.470000,347.490000,343.100000,317.430000,303.880000,259.470000,238.350000,233.800000,202.760000,192.820000,201.340000,221.660000,208.650000,201.790000,183.510000,186.580000,195.980000,239.780000,250.890000,247.570000,253.880000,265.900000,268.260000,269.930000,263.960000,223.240000,210.560000,193.100000,179.520000,184.250000,224.540000,216.150000
189.960000,204.290000,188.970000,192.670000,188.290000,181.610000,202.670000,195.220000,208.330000,210.210000,225.100000,226.090000,248.610000,262.990000,285.660000,291.010000,333.980000,329.500000,320.900000,307.760000,293.510000,280.380000,305.510000,273.770000,290.670000,297.090000,296.200000,290.960000,298.060000,300.280000,328.440000,329.110000,340.110000,375.830000,425.550000,442.110000,435.690000,453.280000,457.100000,432.610000,406.640000,360.810000,274.840000,276.690000,259.190000,259.530000,257.730000,265.510000
192.760000,187.400000,172.620000,173.370000,176.290000,173.760000,164.870000,160.750000,162.230000,155.050000,154.840000,149.470000,159.760000,158.980000,160.770000,166.400000,153.760000,167.800000,181.890000,194.990000,177.710000,170.550000,143.880000,143.570000,154.370000,174.920000,183.940000,181.730000,195.490000,194.930000,240.160000,234.870000,235.540000,241.990000,230.930000,219.310000,218.630000,217.770000,188.280000,156.630000,142.970000,120.920000,165.360000,181.000000,161.850000,169.720000,187.400000,150.250000
40.340000,23.010000,-1.020000,0.580000,-8.530000,-20.600000,-27.890000,-30.130000,-28.450000,-39.150000,-5.820000,17.420000,136.940000,183.540000,195.010000,178.320000,192.180000,204.140000,200.150000,196.200000,181.890000,181.130000,169.610000,150.490000,145.230000,141.660000,149.490000,149.380000,150.510000,145.480000,140.850000,135.750000,154.990000,162.050000,192.570000,212.800000,223.030000,223.070000,225.120000,235.230000,212.380000,193.110000,145.040000,144.130000,148.370000,153.050000,207.370000,205.450000
208.380000,170.110000,144.080000,144.480000,166.950000,161.880000,184.550000,165.390000,174.260000,174.350000,165.640000,170.680000,179.330000,145.560000,136.080000,181.270000,190.840000,172.290000,193.240000,211.950000,210.980000,191.740000,204.660000,232.160000,242.470000,240.720000,235.020000,226.960000,227.090000,220.130000,229.600000,220.190000,247.770000,270.260000,312.350000,330.740000,372.410000,388.630000,371.860000,366.000000,362.290000,341.040000,278.680000,267.810000,276.330000,274.380000,198.180000,185.620000
183.370000,174.720000,198.700000,212.500000,242.210000,240.350000,220.580000,226.570000,228.670000,253.480000,231.050000,221.340000,291.720000,317.910000,401.910000,493.640000,414.470000,392.940000,381.630000,360.110000,372.130000,354.750000,255.420000,241.380000,265.340000,269.460000,280.520000,275.500000,270.560000,264.080000,308.370000,313.240000,329.250000,340.150000,383.720000,398.320000,411.980000,416.370000,393.710000,412.600000,384.450000,335.730000,277.510000,245.380000,239.620000,231.400000,199.990000,174.500000
171.290000,152.880000,153.970000,158.780000,158.050000,158.850000,157.670000,164.080000,161.500000,164.030000,173.850000,176.100000,179.610000,201.890000,344.500000,437.170000,389.650000,396.810000,338.800000,330.670000,314.690000,310.560000,298.060000,289.310000,283.230000,281.680000,319.790000,297.300000,307.320000,302.770000,341.080000,341.270000,315.150000,333.820000,369.940000,378.970000,418.650000,425.410000,319.430000,308.570000,316.250000,278.670000,250.930000,240.160000,220.620000,228.520000,193.570000,200.850000
184.640000,179.250000,180.090000,180.610000,196.830000,180.400000,191.790000,175.970000,174.140000,176.850000,168.880000,163.670000,165.690000,168.290000,198.370000,215.120000,223.970000,215.950000,193.350000,193.870000,218.490000,222.270000,188.280000,181.420000,174.910000,178.000000,140.140000,128.100000,136.430000,136.560000,169.330000,157.060000,165.250000,191.620000,208.250000,209.970000,211.630000,218.260000,217.220000,226.990000,209.930000,210.070000,181.470000,180.990000,166.030000,162.150000,159.250000,103.260000
101.850000,124.860000,124.990000,144.170000,147.720000,101.150000,102.350000,77.370000,55.510000,35.690000,20.660000,15.960000,27.460000,54.730000,159.770000,177.250000,123.200000,154.870000,183.380000,168.200000,145.660000,107.900000,77.070000,53.240000,50.220000,41.770000,21.140000,25.110000,24.680000,24.130000,13.260000,21.970000,14.380000,87.440000,184.900000,210.240000,229.440000,240.350000,251.100000,246.820000,244.940000,235.470000,236.380000,223.190000,198.360000,191.870000,164.910000,167.010000
114.460000,113.910000,97.600000,108.590000,77.290000,68.810000,40.380000,27.170000,27.320000,27.470000,33.210000,69.960000,107.380000,118.390000,126.530000,136.530000,130.960000,182.230000,156.520000,147.150000,145.990000,131.320000,100.710000,89.410000,90.070000,83.090000,82.500000,83.860000,82.030000,78.120000,61.720000,66.620000,92.070000,106.230000,188.840000,219.970000,226.800000,242.500000,242.860000,226.250000,250.930000,229.200000,200.420000,194.600000,195.620000,191.520000,185.170000,219.190000
205.610000,203.600000,206.220000,219.320000,221.890000,227.300000,222.270000,203.560000,229.450000,212.520000,264.210000,267.270000,284.680000,281.990000,358.340000,383.570000,346.660000,335.630000,354.360000,310.920000,298.430000,272.370000,212.060000,204.930000,235.210000,225.210000,181.430000,170.630000,173.130000,172.900000,172.910000,187.280000,217.130000,197.780000,204.950000,194.880000,196.360000,198.420000,212.580000,192.600000,183.220000,185.900000,158.380000,173.460000,175.430000,174.740000,195.350000,203.500000
209.660000,190.330000,185.700000,191.800000,195.150000,197.530000,197.230000,193.650000,186.300000,182.750000,188.380000,196.300000,211.320000,179.200000,121.570000,140.400000,162.120000,173.220000,156.610000,153.800000,138.970000,141.100000,132.140000,136.570000,146.690000,154.080000,149.030000,143.870000,139.260000,129.530000,161.760000,154.660000,153.050000,163.720000,182.820000,203.440000,190.470000,186.250000,201.710000,198.150000,185.990000,155.420000,126.200000,128.950000,115.630000,119.160000,104.750000,90.910000
91.910000,89.550000,37.760000,32.160000,69.000000,50.460000,64.090000,68.260000,55.070000,52.250000,93.830000,113.150000,124.510000,152.820000,183.090000,228.940000,222.640000,222.700000,209.080000,199.450000,190.790000,180.930000,164.500000,174.420000,161.740000,146.430000,124.850000,121.570000,125.530000,126.970000,144.580000,152.100000,164.970000,165.120000,162.210000,160.130000,154.820000,151.020000,124.830000,109.100000,132.070000,134.750000,146.770000,142.480000,148.460000,132.690000,6.230000,-31.120000
6.470000,-7.990000,-25.700000,-20.040000,-11.520000,-28.200000,-21.380000,-24.990000,-9.250000,7.440000,81.170000,102.390000,141.900000,174.380000,180.200000,200.330000,181.940000,189.670000,138.050000,114.120000,120.780000,117.690000,109.660000,100.830000,90.450000,91.470000,95.660000,94.640000,92.810000,96.210000,129.460000,129.580000,134.510000,139.010000,174.000000,170.630000,180.270000,181.200000,196.730000,185.900000,182.240000,166.540000,181.000000,174.650000,163.380000,129.870000,133.190000,113.470000
26.790000,10.230000,10.920000,21.980000,44.240000,17.630000,19.360000,-9.790000,-17.250000,-10.250000,-38.660000,58.930000,135.170000,199.340000,234.560000,269.360000,219.910000,219.910000,205.220000,180.750000,188.670000,144.430000,105.350000,107.530000,102.370000,106.970000,113.610000,97.470000,103.950000,99.330000,135.620000,149.240000,176.490000,172.020000,209.530000,372.710000,374.710000,364.500000,296.030000,254.120000,238.790000,238.500000,184.300000,188.440000,198.670000,196.380000,211.970000,202.940000
177.250000,119.560000,121.440000,127.460000,123.330000,119.960000,135.620000,135.190000,99.970000,99.050000,163.020000,168.440000,162.610000,144.590000,75.560000,177.850000,138.980000,173.360000,181.550000,160.110000,131.670000,129.980000,109.870000,116.840000,146.630000,134.100000,97.420000,93.170000,87.780000,89.130000,93.740000,96.510000,118.090000,139.860000,157.440000,200.960000,237.700000,240.200000,225.400000,195.330000,198.220000,169.380000,141.950000,143.750000,161.240000,150.450000,153.370000,169.390000
168.470000,169.820000,146.150000,146.040000,150.990000,132.500000,151.040000,114.260000,143.180000,117.240000,149.480000,145.110000,153.210000,148.580000,95.000000,140.700000,153.290000,159.530000,141.390000,122.160000,78.560000,49.730000,75.820000,54.750000,39.180000,39.090000,73.570000,92.130000,104.360000,105.150000,110.270000,124.430000,153.800000,159.170000,176.830000,192.470000,218.740000,219.120000,166.610000,145.440000,149.530000,127.800000,158.450000,150.400000,167.140000,156.840000,123.940000,83.630000
82.850000,94.080000,99.710000,104.780000,102.790000,77.310000,100.260000,81.320000,135.240000,135.180000,126.960000,121.160000,185.740000,199.450000,225.760000,235.580000,225.650000,213.060000,203.920000,193.040000,200.660000,164.540000,120.990000,113.690000,124.380000,115.010000,112.470000,113.780000,130.640000,137.260000,153.880000,151.740000,137.010000,132.410000,143.960000,160.320000,170.690000,199.280000,190.370000,176.650000,176.920000,139.450000,111.430000,131.200000,124.720000,117.870000,122.400000,105.370000
115.530000,121.330000,125.140000,122.590000,125.440000,121.600000,123.580000,116.410000,128.710000,116.990000,134.900000,153.620000,161.490000,192.370000,248.700000,289.570000,233.860000,223.030000,204.770000,177.430000,168.530000,174.680000,148.110000,132.850000,141.150000,148.830000,152.670000,142.420000,147.000000,148.960000,152.220000,134.730000,156.360000,191.260000,219.950000,246.380000,265.600000,270.270000,251.000000,229.850000,214.000000,212.180000,193.730000,188.440000,184.760000,188.240000,212.500000,213.280000
183.670000,170.310000,171.030000,174.580000,167.990000,157.980000,160.610000,153.410000,160.280000,160.910000,165.340000,173.660000,143.250000,155.160000,155.650000,187.530000,203.130000,204.290000,204.120000,182.950000,169.560000,160.250000,142.080000,140.910000,141.800000,142.320000,151.630000,152.540000,148.740000,148.920000,199.360000,207.950000,209.320000,227.340000,220.450000,252.350000,286.920000,310.490000,257.140000,236.420000,214.120000,202.070000,201.000000,202.210000,190.330000,173.630000,137.560000,109.870000
124.290000,125.540000,139.420000,171.730000,142.590000,136.780000,145.150000,137.060000,137.920000,147.250000,139.710000,138.640000,149.270000,184.640000,231.140000,270.710000,217.970000,239.020000,247.540000,228.130000,223.750000,200.710000,200.170000,167.480000,155.330000,149.670000,129.530000,128.320000,135.600000,136.190000,149.640000,148.760000,150.680000,176.060000,195.680000,210.760000,210.650000,221.970000,243.980000,213.690000,213.210000,176.680000,180.710000,148.820000,149.090000,146.640000,115.590000,119.220000
130.800000,113.120000,113.260000,115.070000,121.260000,128.470000,140.820000,140.350000,153.310000,145.870000,177.780000,188.120000,185.470000,199.880000,251.240000,316.100000,289.510000,284.040000,267.790000,257.180000,240.070000,212.070000,175.940000,162.270000,168.150000,153.550000,134.000000,130.630000,133.320000,138.050000,145.160000,142.220000,152.310000,181.650000,185.560000,199.410000,206.080000,228.620000,204.430000,171.600000,174.930000,164.430000,155.320000,137.200000,147.400000,142.840000,152.260000,162.590000
117.670000,120.060000,124.490000,130.080000,150.400000,116.180000,118.690000,102.770000,126.850000,122.690000,152.360000,141.490000,164.020000,163.090000,138.860000,133.190000,120.870000,123.640000,108.890000,110.050000,129.870000,134.160000,108.350000,99.840000,94.560000,88.980000,89.770000,84.060000,75.940000,72.890000,102.270000,97.430000,102.430000,133.540000,139.820000,158.360000,154.350000,154.450000,148.330000,115.470000,125.200000,108.850000,96.930000,124.060000,134.230000,92.240000,96.860000,52.880000
83.740000,59.540000,61.800000,54.640000,53.490000,42.370000,79.020000,64.300000,76.390000,57.160000,47.460000,50.740000,54.070000,65.010000,67.820000,111.270000,58.010000,78.240000,101.590000,107.630000,82.250000,70.650000,51.940000,92.340000,89.470000,104.070000,86.990000,92.290000,104.120000,110.230000,133.530000,115.200000,165.150000,168.760000,174.580000,178.590000,185.980000,184.500000,186.970000,131.700000,149.940000,119.860000,119.300000,122.600000,127.580000,121.180000,125.110000,125.860000
114.420000,114.540000,101.130000,104.630000,104.620000,99.710000,117.690000,114.440000,121.100000,112.250000,141.260000,138.260000,137.720000,123.250000,110.510000,157.780000,125.250000,130.560000,139.340000,111.800000,110.730000,80.670000,80.770000,71.750000,73.780000,65.680000,59.570000,56.430000,58.610000,54.830000,41.950000,46.450000,62.030000,72.170000,85.590000,91.460000,98.330000,103.030000,81.720000,70.310000,67.110000,58.880000,49.140000,45.800000,44.440000,39.250000,16.920000,11.650000
12.950000,17.880000,22.830000,49.410000,42.780000,42.810000,41.640000,37.190000,31.770000,32.030000,45.210000,48.920000,46.140000,57.190000,76.150000,119.830000,119.610000,109.720000,106.000000,83.640000,82.920000,72.570000,44.690000,43.050000,45.940000,46.290000,45.960000,45.960000,44.520000,45.000000,90.460000,105.480000,105.030000,133.450000,155.140000,175.960000,173.980000,167.360000,178.860000,133.900000,136.780000,117.760000,110.130000,69.250000,79.420000,56.380000,61.800000,49.770000
43.840000,38.750000,45.190000,38.120000,40.160000,38.550000,39.950000,38.570000,36.720000,45.120000,42.270000,46.040000,39.890000,43.160000,50.100000,55.880000,64.070000,58.450000,53.100000,46.430000,49.120000,50.290000,45.410000,43.810000,43.530000,42.130000,42.920000,43.990000,46.690000,50.990000,58.090000,59.440000,51.770000,49.920000,58.270000,62.410000,66.500000,65.510000,73.740000,69.330000,51.970000,44.000000,39.370000,39.460000,35.990000,33.790000,55.410000,42.160000
62.480000,59.240000,60.270000,74.230000,75.750000,71.860000,71.270000,76.310000,85.350000,78.450000,71.090000,64.560000,78.240000,74.740000,76.310000,91.480000,112.570000,122.700000,118.230000,128.030000,127.650000,116.500000,95.930000,87.310000,92.670000,115.450000,147.680000,144.230000,143.560000,123.520000,128.950000,135.170000,138.690000,159.300000,167.240000,188.050000,174.170000,171.650000,187.100000,189.470000,202.680000,176.510000,177.480000,151.220000,168.530000,142.470000,126.790000,126.550000
129.230000,117.960000,135.790000,132.370000,138.370000,134.970000,130.900000,127.210000,132.270000,135.490000,149.220000,173.190000,178.910000,184.210000,200.460000,216.140000,200.560000,199.940000,197.790000,194.400000,186.740000,182.910000,166.330000,161.680000,160.020000,151.620000,139.600000,143.360000,133.470000,134.320000,160.730000,163.080000,175.830000,195.120000,192.500000,193.170000,188.180000,187.940000,174.830000,152.060000,146.940000,140.090000,130.890000,120.840000,110.810000,104.920000,92.340000,96.470000
108.500000,95.790000,90.970000,88.010000,88.770000,80.850000,89.310000,79.590000,76.100000,73.520000,55.560000,56.880000,59.830000,63.550000,66.720000,63.850000,59.440000,61.780000,52.280000,55.930000,55.400000,54.960000,56.820000,56.850000,56.840000,59.080000,55.800000,56.830000,55.390000,54.220000,58.240000,56.190000,53.870000,60.780000,65.260000,91.210000,96.500000,102.450000,88.430000,69.400000,86.730000,75.460000,79.490000,70.560000,69.440000,67.290000,73.010000,64.780000
63.170000,66.070000,67.500000,93.480000,82.530000,87.420000,73.430000,64.840000,67.050000,62.360000,73.490000,67.080000,74.760000,85.530000,107.720000,140.240000,77.000000,73.580000,67.510000,66.050000,78.730000,79.950000,86.000000,88.470000,81.440000,80.920000,90.020000,90.010000,77.150000,77.430000,69.070000,64.180000,60.740000,65.960000,64.780000,79.940000,75.890000,83.890000,85.120000,67.170000,74.350000,61.720000,58.800000,52.900000,53.800000,51.470000,28.700000,36.740000
44.060000,35.640000,24.700000,36.190000,34.000000,34.720000,34.890000,32.620000,42.130000,35.370000,56.120000,31.160000,63.790000,37.500000,44.940000,55.420000,47.690000,46.880000,55.620000,59.270000,59.330000,59.790000,67.830000,64.100000,64.650000,60.410000,63.280000,60.120000,61.170000,59.530000,66.750000,63.080000,72.120000,85.170000,94.680000,101.120000,94.130000,91.360000,83.690000,71.420000,70.920000,66.920000,59.760000,55.180000,58.720000,53.740000,49.940000,50.850000
44.210000,42.280000,38.280000,44.540000,41.060000,37.190000,52.570000,44.740000,38.610000,33.110000,37.850000,53.790000,75.580000,59.400000,61.450000,96.330000,76.190000,123.080000,109.670000,87.120000,84.840000,80.960000,74.050000,68.200000,62.220000,65.560000,65.720000,68.760000,74.510000,71.330000,84.190000,92.300000,99.420000,115.920000,120.850000,128.570000,126.460000,117.800000,115.850000,78.050000,89.980000,71.240000,76.530000,74.800000,68.110000,57.530000,64.240000,66.360000
69.390000,67.910000,58.190000,57.750000,59.150000,56.040000,35.780000,29.000000,26.290000,36.410000,36.810000,41.370000,41.890000,54.450000,48.010000,53.230000,57.210000,56.890000,70.230000,72.990000,59.420000,59.960000,53.270000,50.230000,52.830000,54.190000,47.020000,46.940000,47.990000,47.620000,50.470000,53.680000,56.170000,59.220000,65.900000,72.670000,78.580000,80.220000,74.890000,76.620000,76.760000,74.660000,71.330000,68.550000,67.640000,66.660000,64.870000,51.160000
58.860000,51.650000,53.250000,60.210000,58.240000,54.980000,51.730000,49.860000,61.130000,63.610000,55.510000,69.830000,78.400000,67.060000,56.210000,69.140000,76.640000,73.290000,72.230000,84.510000,85.010000,81.330000,80.710000,80.750000,75.760000,73.030000,76.780000,83.340000,87.880000,84.550000,90.450000,90.420000,94.980000,107.570000,117.530000,131.730000,134.850000,130.750000,119.220000,108.800000,113.730000,100.190000,98.820000,83.090000,81.330000,94.830000,93.190000,87.850000
78.830000,85.200000,92.630000,95.220000,92.600000,78.690000,80.640000,63.630000,67.260000,58.000000,85.850000,84.220000,94.000000,92.730000,103.950000,118.160000,108.320000,102.890000,96.120000,76.720000,70.810000,83.350000,87.570000,85.750000,86.760000,82.550000,81.160000,76.100000,75.220000,75.040000,78.080000,75.060000,73.030000,75.710000,95.310000,106.620000,109.760000,108.130000,97.240000,85.090000,89.550000,87.410000,88.520000,85.010000,84.110000,90.760000,77.850000,81.860000
79.280000,88.970000,100.780000,104.910000,86.490000,87.260000,75.580000,74.770000,81.730000,78.880000,90.540000,103.970000,126.780000,98.820000,88.350000,94.890000,89.630000,102.150000,83.010000,80.090000,81.940000,80.480000,92.900000,86.770000,84.200000,74.810000,87.330000,86.570000,89.860000,85.170000,91.530000,87.630000,95.460000,105.790000,111.490000,114.500000,116.920000,113.800000,92.140000,81.220000,75.830000,67.580000,76.260000,81.140000,77.230000,82.760000,64.360000,86.280000
97.750000,93.210000,107.680000,84.490000,79.720000,99.270000,129.160000,128.970000,117.280000,122.230000,149.440000,146.170000,122.520000,132.040000,115.420000,136.500000,131.300000,122.810000,116.180000,108.960000,106.840000,102.280000,115.720000,118.310000,115.840000,108.490000,125.890000,112.670000,123.900000,124.030000,124.990000,132.640000,138.060000,144.670000,143.610000,121.920000,111.720000,102.040000,109.670000,97.520000,88.560000,82.620000,86.440000,88.860000,84.840000,83.380000,51.030000,51.040000
43.700000,41.110000,40.810000,36.040000,56.990000,39.490000,38.050000,42.010000,70.720000,74.530000,59.080000,69.290000,69.540000,83.500000,90.820000,117.150000,79.810000,74.030000,61.090000,50.510000,55.070000,53.730000,58.850000,59.350000,56.610000,54.340000,55.690000,66.530000,76.020000,75.160000,98.610000,87.790000,97.590000,122.390000,113.450000,111.410000,109.370000,105.920000,104.820000,102.920000,97.090000,83.150000,71.310000,77.400000,72.240000,62.270000,68.660000,24.290000
27.760000,18.400000,6.740000,3.400000,-0.890000,-13.050000,-30.600000,-30.920000,-13.230000,-0.340000,15.350000,29.930000,68.070000,94.220000,97.400000,105.630000,99.020000,85.200000,64.170000,61.110000,59.140000,61.890000,67.860000,71.370000,72.150000,67.200000,76.080000,75.580000,83.390000,82.130000,103.500000,104.540000,114.370000,127.360000,130.030000,132.310000,132.950000,132.440000,111.340000,95.350000,108.050000,108.270000,97.640000,85.840000,79.500000,66.090000,65.740000,62.110000
94.720000,113.130000,75.400000,68.420000,67.200000,70.480000,75.450000,77.850000,76.560000,89.630000,110.770000,106.870000,121.780000,106.500000,131.020000,142.460000,130.220000,135.630000,128.740000,135.680000,132.760000,141.220000,149.560000,150.020000,152.860000,153.150000,158.620000,159.150000,161.380000,159.420000,189.120000,192.130000,196.960000,220.220000,218.740000,219.590000,207.340000,187.840000,173.720000,160.350000,166.550000,145.010000,146.460000,134.720000,139.630000,124.260000,118.530000,142.210000
126.800000,126.390000,115.560000,86.380000,95.270000,81.170000,86.200000,76.300000,85.020000,82.690000,118.200000,103.090000,126.570000,86.620000,107.790000,149.380000,174.040000,157.220000,138.330000,124.480000,129.120000,110.140000,96.290000,97.740000,98.170000,98.100000,95.280000,95.520000,100.630000,98.230000,114.160000,115.680000,134.230000,170.510000,145.540000,143.650000,159.240000,146.540000,141.230000,116.330000,112.490000,110.010000,105.770000,103.270000,102.780000,115.580000,102.990000,105.000000
103.300000,108.540000,126.800000,126.890000,116.930000,106.300000,104.240000,98.520000,111.870000,101.480000,133.260000,131.220000,125.200000,123.910000,123.060000,127.130000,114.650000,127.110000,128.520000,129.810000,126.800000,122.900000,123.700000,130.810000,143.810000,140.380000,135.860000,127.820000,140.960000,124.180000,135.190000,140.340000,141.080000,162.900000,133.630000,138.830000,158.460000,126.470000,107.840000,118.940000,117.620000,112.500000,102.970000,106.360000,101.940000,110.890000,101.810000,121.470000
120.780000,136.370000,119.480000,123.850000,115.740000,113.710000,101.440000,94.520000,100.880000,99.580000,95.230000,91.670000,95.590000,89.560000,84.960000,100.220000,84.410000,109.970000,119.920000,125.490000,130.990000,136.660000,145.740000,144.010000,142.590000,142.490000,137.130000,133.270000,134.620000,121.740000,126.630000,133.870000,141.270000,145.870000,157.410000,151.410000,154.690000,144.280000,132.080000,107.420000,114.940000,104.880000,110.760000,102.480000,99.630000,97.430000,108.270000,124.890000
108.430000,103.040000,114.030000,106.950000,84.390000,78.500000,53.880000,37.350000,32.940000,31.500000,50.900000,43.550000,89.710000,97.390000,113.740000,136.920000,118.280000,120.770000,90.840000,96.810000,99.060000,93.480000,88.640000,85.510000,83.840000,83.910000,95.910000,88.990000,84.240000,83.370000,93.970000,98.510000,104.930000,121.840000,125.290000,122.190000,123.280000,106.330000,104.110000,103.890000,101.260000,98.760000,83.900000,78.910000,75.890000,70.510000,93.890000,53.890000
38.800000,58.390000,76.550000,60.160000,42.430000,41.680000,12.720000,21.200000,28.690000,67.020000,79.400000,97.010000,121.190000,122.160000,132.990000,148.490000,129.960000,127.000000,114.250000,102.980000,95.220000,91.010000,95.370000,88.380000,81.910000,74.530000,102.360000,99.910000,101.540000,103.450000,98.060000,105.030000,106.230000,142.000000,147.840000,149.360000,153.170000,138.210000,127.630000,120.660000,117.900000,116.080000,107.470000,105.420000,102.960000,102.870000,136.340000,95.710000
97.440000,93.000000,77.580000,49.220000,76.670000,78.860000,65.960000,54.570000,50.150000,57.520000,69.360000,58.400000,84.220000,72.250000,106.100000,132.850000,107.710000,103.200000,81.100000,79.120000,73.490000,70.920000,65.630000,62.430000,66.110000,76.480000,76.720000,77.300000,99.340000,96.870000,93.820000,126.140000,152.120000,170.690000,185.300000,171.040000,143.520000,134.420000,117.040000,108.280000,113.000000,99.770000,90.540000,89.320000,84.200000,77.110000,12.500000,16.040000
1.690000,-3.330000,-0.180000,-25.620000,-31.570000,-35.690000,-43.480000,-55.060000,-57.650000,-54.240000,-45.820000,-34.610000,9.010000,50.560000,95.300000,104.540000,110.460000,113.230000,79.140000,74.300000,73.750000,77.430000,72.690000,72.920000,74.800000,77.170000,83.090000,63.380000,72.340000,77.900000,91.570000,91.070000,84.580000,109.840000,131.500000,123.480000,121.850000,115.900000,98.220000,94.140000,100.510000,102.280000,98.510000,87.100000,80.710000,67.020000,22.390000,-3.490000
-1.820000,22.580000,-12.720000,-31.440000,-44.800000,-47.270000,-49.970000,-54.160000,-55.750000,-60.640000,-64.380000,-62.610000,-34.780000,52.040000,67.460000,97.890000,73.680000,91.080000,104.740000,103.230000,97.340000,104.670000,108.610000,89.220000,89.570000,87.800000,97.300000,94.200000,113.200000,111.780000,103.970000,93.640000,91.310000,105.280000,117.590000,114.800000,106.800000,118.460000,117.060000,106.180000,110.730000,113.760000,110.250000,90.590000,103.240000,103.080000,125.170000,129.990000
113.110000,133.490000,123.750000,107.460000,108.770000,108.280000,78.850000,78.660000,78.010000,86.590000,111.340000,116.700000,136.860000,99.770000,102.120000,111.630000,116.480000,131.260000,136.240000,134.810000,134.500000,128.290000,121.620000,101.140000,121.700000,116.850000,114.190000,115.660000,120.900000,124.210000,134.620000,133.810000,128.050000,139.290000,156.570000,170.960000,167.360000,150.280000,142.550000,131.210000,139.260000,145.350000,135.470000,136.050000,130.550000,123.900000,135.130000,134.970000
134.580000,135.540000,126.380000,127.980000,128.950000,121.430000,108.750000,119.510000,123.660000,114.750000,117.310000,110.520000,110.620000,116.370000,115.290000,136.100000,132.600000,136.330000,143.900000,145.490000,142.910000,143.360000,153.380000,153.420000,150.190000,146.210000,150.930000,136.310000,141.920000,131.120000,161.270000,156.270000,150.160000,167.050000,180.170000,183.550000,178.130000,169.600000,153.450000,144.320000,146.570000,131.820000,143.330000,139.590000,127.520000,133.330000,134.140000,117.760000
115.560000,122.280000,128.240000,133.370000,131.800000,124.060000,111.820000,105.170000,109.750000,106.470000,94.250000,117.950000,115.450000,111.190000,116.750000,125.710000,102.450000,104.660000,106.990000,106.970000,104.390000,93.520000,82.390000,86.240000,83.660000,88.410000,109.850000,110.020000,98.780000,98.960000,131.560000,139.360000,125.180000,155.960000,148.980000,139.260000,145.410000,130.860000,136.060000,119.640000,131.790000,123.290000,115.590000,102.400000,108.830000,106.410000,92.890000,86.670000
89.110000,74.610000,73.250000,91.930000,85.570000,73.120000,82.090000,72.750000,77.740000,72.750000,76.210000,71.200000,89.420000,104.050000,99.770000,90.230000,93.810000,98.150000,115.840000,121.610000,117.490000,121.340000,144.380000,144.980000,145.980000,128.790000,111.030000,117.470000,115.340000,106.910000,111.470000,117.670000,129.640000,180.570000,189.680000,205.220000,206.640000,188.660000,180.000000,158.360000,150.190000,166.480000,154.460000,135.440000,120.420000,123.700000,116.370000,124.900000
127.900000,120.370000,106.650000,104.570000,111.200000,111.650000,91.850000,65.580000,92.920000,113.940000,116.500000,120.900000,149.240000,142.160000,170.820000,210.770000,222.600000,222.430000,221.090000,221.290000,211.660000,207.220000,198.400000,197.770000,200.440000,199.290000,217.790000,202.510000,199.130000,200.290000,231.010000,243.830000,239.390000,270.940000,268.550000,245.530000,227.620000,225.300000,165.980000,156.220000,146.680000,155.240000,125.090000,125.290000,114.350000,127.700000,61.370000,65.030000
60.960000,70.940000,45.230000,26.400000,20.910000,19.280000,9.960000,6.710000,17.470000,12.350000,69.300000,60.260000,102.440000,93.850000,135.370000,152.370000,147.700000,134.170000,119.700000,116.530000,117.570000,106.370000,105.860000,106.790000,112.830000,112.550000,114.470000,100.540000,106.360000,99.860000,139.070000,148.490000,147.040000,161.300000,163.370000,168.450000,165.740000,158.750000,140.890000,125.690000,112.000000,101.570000,102.290000,98.560000,82.830000,81.190000,104.360000,100.270000
103.020000,105.140000,108.580000,106.690000,98.880000,99.890000,100.920000,99.310000,99.220000,100.640000,104.320000,109.030000,117.190000,134.750000,137.630000,145.860000,145.850000,146.030000,151.770000,150.440000,136.760000,128.520000,119.650000,130.540000,132.320000,129.100000,137.700000,137.510000,133.530000,133.490000,147.510000,157.500000,158.290000,186.620000,200.480000,203.170000,190.230000,177.530000,166.610000,135.820000,121.800000,104.760000,114.980000,104.130000,100.260000,89.420000,82.880000,69.010000
88.290000,90.530000,117.370000,104.860000,102.330000,100.540000,80.240000,81.910000,90.420000,88.950000,77.240000,79.200000,76.600000,78.280000,80.990000,80.590000,77.540000,79.120000,82.480000,80.820000,80.610000,79.440000,77.160000,77.290000,76.700000,77.620000,78.890000,78.200000,77.670000,79.370000,83.950000,85.150000,86.170000,107.230000,117.650000,113.910000,97.930000,91.860000,82.970000,79.570000,79.080000,80.200000,79.230000,77.240000,76.530000,77.310000,70.990000,63.260000
73.190000,81.060000,83.790000,73.340000,63.920000,66.630000,62.780000,64.150000,63.390000,68.010000,88.420000,87.820000,89.530000,71.580000,64.500000,64.990000,70.440000,70.980000,77.310000,83.970000,85.390000,84.010000,95.730000,105.730000,109.720000,115.690000,113.910000,104.360000,96.990000,91.560000,129.530000,145.350000,161.710000,189.110000,195.030000,199.070000,189.730000,178.060000,155.460000,147.310000,137.580000,125.360000,120.930000,123.140000,120.730000,111.990000,112.190000,111.250000
110.430000,121.980000,127.670000,126.650000,122.340000,113.680000,99.990000,90.490000,80.030000,79.320000,95.620000,98.920000,126.300000,150.900000,136.450000,155.850000,142.920000,148.260000,147.690000,144.190000,153.120000,155.580000,170.560000,167.930000,151.120000,134.180000,132.370000,130.150000,130.250000,135.380000,152.690000,152.160000,162.200000,171.900000,165.910000,155.670000,166.210000,160.600000,151.700000,145.170000,142.610000,129.340000,112.420000,91.600000,89.300000,84.820000,83.790000,81.500000
74.040000,80.520000,85.820000,90.340000,76.980000,82.840000,85.920000,76.420000,86.050000,89.850000,93.140000,94.400000,82.260000,90.400000,159.310000,216.360000,209.070000,227.840000,230.060000,221.070000,213.350000,206.380000,182.120000,187.250000,207.640000,209.310000,210.430000,212.660000,205.730000,205.010000,239.200000,252.490000,216.080000,289.590000,261.360000,256.550000,246.770000,228.880000,211.020000,181.330000,195.110000,165.110000,169.590000,146.370000,151.310000,143.140000,129.850000,140.550000
137.800000,128.410000,114.830000,110.010000,125.210000,129.760000,140.020000,126.270000,130.820000,126.240000,149.560000,150.810000,153.870000,136.430000,109.740000,101.050000,106.840000,103.730000,106.200000,109.680000,120.860000,111.030000,106.410000,107.580000,112.850000,108.590000,102.650000,101.630000,111.300000,107.400000,123.120000,149.770000,159.590000,183.410000,174.060000,165.050000,167.300000,144.620000,147.480000,148.350000,150.150000,146.690000,146.550000,135.100000,125.380000,127.760000,139.070000,137.580000
107.250000,109.440000,113.140000,107.860000,113.350000,108.360000,101.220000,93.030000,124.050000,116.130000,116.380000,130.460000,141.650000,148.200000,156.940000,174.580000,166.040000,155.850000,172.380000,165.930000,173.200000,180.100000,172.810000,166.230000,157.170000,138.880000,133.830000,128.720000,133.620000,135.990000,127.740000,143.140000,149.200000,167.160000,177.810000,192.540000,187.760000,156.630000,161.330000,143.340000,152.660000,150.200000,146.260000,142.360000,147.220000,142.200000,163.630000,158.730000
163.540000,160.950000,150.770000,143.010000,144.500000,143.580000,145.600000,138.820000,125.640000,122.610000,139.730000,148.250000,155.570000,141.470000,135.250000,179.470000,170.540000,153.220000,155.800000,151.770000,159.310000,143.890000,145.610000,146.160000,153.280000,157.140000,143.940000,138.300000,134.310000,130.160000,115.150000,122.430000,131.530000,171.580000,174.110000,163.150000,145.900000,142.290000,141.280000,131.120000,121.640000,115.720000,126.380000,130.150000,135.990000,135.440000,146.310000,137.500000
149.840000,157.950000,154.350000,146.850000,140.710000,124.900000,139.780000,141.160000,144.510000,141.740000,135.240000,136.650000,150.430000,157.820000,145.450000,153.500000,140.860000,158.940000,161.490000,146.580000,140.050000,125.650000,128.890000,115.410000,115.680000,122.210000,139.050000,120.010000,118.460000,119.680000,117.060000,121.900000,134.320000,159.320000,144.430000,133.870000,143.460000,132.810000,138.670000,130.390000,116.050000,123.380000,133.450000,138.200000,128.240000,117.890000,83.720000,87.750000
60.540000,67.670000,44.880000,42.720000,45.490000,51.530000,52.120000,76.660000,85.260000,92.950000,95.480000,121.210000,103.050000,115.780000,132.820000,149.310000,160.610000,197.190000,182.890000,200.050000,204.890000,197.760000,206.860000,204.080000,192.530000,191.750000,182.140000,174.680000,179.300000,157.830000,188.980000,191.500000,174.440000,204.650000,217.150000,215.560000,224.510000,199.160000,210.300000,178.320000,173.350000,159.000000,147.010000,154.570000,157.450000,151.350000,193.460000,178.610000
172.410000,167.460000,166.660000,163.110000,164.330000,165.920000,148.800000,152.210000,165.190000,153.280000,163.470000,164.340000,189.560000,241.690000,236.330000,277.070000,243.650000,266.740000,277.500000,273.160000,276.150000,288.600000,318.570000,349.060000,291.460000,280.880000,284.760000,303.900000,299.340000,307.130000,309.960000,326.420000,264.610000,469.630000,501.070000,508.420000,438.410000,384.800000,319.180000,265.890000,404.570000,271.040000,347.280000,240.540000,268.110000,227.110000,291.890000,285.860000
228.180000,243.850000,258.730000,223.800000,216.670000,214.810000,266.260000,252.320000,251.100000,266.520000,289.940000,286.720000,347.410000,378.780000,318.380000,382.190000,365.370000,378.810000,388.920000,388.100000,389.570000,381.470000,364.760000,368.740000,371.870000,404.030000,421.380000,402.040000,388.000000,374.960000,404.390000,436.010000,386.660000,486.480000,451.530000,442.940000,433.030000,387.780000,372.490000,306.440000,365.340000,290.430000,362.740000,272.690000,293.020000,259.040000,280.830000,275.250000
257.300000,258.930000,259.460000,256.140000,245.200000,231.380000,254.550000,239.510000,239.020000,236.170000,274.240000,270.580000,277.770000,338.140000,333.280000,394.930000,347.630000,350.130000,370.770000,383.840000,397.840000,386.470000,358.840000,360.610000,369.590000,361.790000,381.030000,379.700000,382.280000,382.680000,333.300000,383.300000,329.040000,400.130000,439.120000,430.070000,403.130000,377.620000,371.120000,345.610000,327.870000,289.470000,323.840000,290.610000,273.370000,261.820000,237.470000,233.820000
235.490000,241.940000,232.850000,236.490000,238.710000,234.010000,235.380000,222.710000,240.120000,239.580000,250.790000,259.060000,281.130000,335.490000,344.640000,403.080000,374.120000,391.170000,373.540000,378.770000,385.380000,392.700000,384.310000,385.420000,375.660000,370.410000,399.000000,391.610000,392.290000,389.790000,393.850000,415.050000,384.660000,418.270000,417.270000,397.470000,440.670000,407.870000,393.210000,387.440000,367.830000,324.590000,377.020000,309.280000,352.030000,278.590000,290.040000,281.980000
275.490000,287.960000,286.520000,253.480000,267.000000,271.150000,281.170000,279.320000,331.790000,288.960000,324.050000,296.680000,269.660000,291.530000,321.400000,381.220000,351.840000,356.170000,365.380000,364.890000,355.110000,355.020000,329.850000,314.460000,318.570000,317.670000,330.150000,314.690000,299.470000,293.210000,309.730000,325.000000,305.480000,315.690000,305.510000,290.110000,292.410000,267.140000,252.190000,237.510000,258.000000,272.580000,278.110000,256.830000,254.400000,251.140000,244.300000,289.740000
282.980000,296.360000,260.700000,260.250000,249.120000,255.710000,229.140000,236.830000,250.910000,246.190000,273.390000,263.120000,277.810000,234.540000,259.830000,248.460000,252.530000,234.090000,254.090000,279.170000,297.830000,320.490000,298.940000,312.590000,305.050000,289.830000,303.680000,296.240000,290.740000,287.060000,295.210000,320.070000,316.550000,339.080000,353.690000,342.080000,321.140000,304.180000,257.340000,237.590000,292.110000,283.590000,253.210000,244.960000,239.360000,250.680000,263.390000,290.650000
254.610000,293.270000,283.380000,263.740000,257.990000,248.840000,268.410000,227.660000,230.690000,208.800000,250.910000,259.870000,269.410000,261.820000,275.170000,270.630000,286.070000,284.010000,257.760000,275.690000,248.070000,275.930000,291.240000,296.010000,286.490000,279.260000,273.870000,270.470000,294.360000,293.300000,298.770000,325.910000,339.730000,345.450000,347.890000,355.730000,356.570000,333.260000,295.720000,269.310000,281.300000,252.420000,260.420000,252.930000,251.720000,252.450000,258.580000,231.600000
228.790000,260.670000,230.390000,213.800000,203.940000,217.590000,258.740000,202.410000,211.290000,211.070000,220.860000,195.910000,202.740000,191.350000,203.980000,218.250000,216.430000,244.980000,281.230000,282.000000,284.480000,297.350000,293.030000,279.100000,282.530000,287.520000,302.780000,286.450000,299.880000,290.740000,307.590000,308.690000,309.200000,342.340000,334.070000,327.480000,311.880000,295.320000,320.150000,278.040000,290.270000,249.990000,243.900000,243.810000,212.090000,213.130000,251.770000,289.250000
224.130000,252.540000,249.140000,240.520000,242.620000,240.220000,262.010000,266.570000,269.530000,236.550000,246.790000,258.910000,252.570000,253.800000,350.090000,406.050000,390.130000,398.050000,401.300000,400.720000,378.150000,388.850000,394.770000,395.720000,387.610000,361.950000,385.760000,376.300000,390.020000,388.210000,390.560000,401.550000,398.560000,414.090000,417.790000,411.890000,396.980000,388.850000,371.440000,350.900000,349.590000,297.090000,285.930000,283.230000,290.400000,290.130000,283.820000,304.980000
298.050000,307.930000,294.960000,251.050000,245.720000,252.300000,255.600000,241.570000,262.240000,263.270000,277.010000,277.480000,311.050000,282.610000,280.570000,365.910000,386.840000,399.040000,390.340000,368.810000,365.880000,370.310000,321.520000,302.740000,315.000000,318.720000,346.650000,330.340000,331.700000,315.030000,351.190000,395.530000,387.260000,413.610000,402.960000,373.810000,354.130000,375.570000,367.700000,340.640000,329.910000,287.870000,271.060000,266.970000,270.310000,269.160000,290.570000,290.280000
281.850000,289.710000,270.720000,277.000000,247.810000,246.110000,262.770000,255.860000,270.880000,273.260000,291.980000,293.250000,284.590000,291.290000,304.980000,381.190000,353.350000,349.960000,357.360000,354.840000,355.980000,354.950000,351.150000,339.700000,345.280000,337.090000,362.800000,364.340000,365.420000,371.830000,369.800000,416.090000,385.080000,400.860000,380.460000,373.550000,390.890000,366.890000,380.650000,362.900000,375.550000,329.460000,349.080000,298.090000,307.210000,286.030000,299.370000,308.980000
295.620000,309.660000,271.870000,251.830000,252.300000,244.240000,249.340000,240.500000,256.450000,242.150000,253.080000,262.680000,273.800000,284.460000,370.540000,437.990000,450.070000,473.220000,462.640000,466.150000,452.710000,438.590000,385.470000,397.930000,412.940000,406.620000,394.520000,378.260000,404.020000,406.970000,403.070000,424.170000,356.050000,420.840000,448.700000,493.750000,449.710000,438.410000,425.840000,400.090000,372.470000,337.270000,357.940000,310.000000,299.120000,304.730000,291.300000,273.460000
264.750000,277.680000,300.520000,300.520000,270.270000,264.490000,261.060000,260.860000,268.230000,257.060000,327.210000,294.320000,282.030000,259.350000,291.300000,292.330000,310.390000,355.870000,344.440000,366.830000,353.210000,339.380000,351.120000,345.200000,328.840000,318.120000,321.150000,319.930000,309.010000,342.050000,333.440000,397.540000,352.300000,396.030000,403.850000,403.660000,423.000000,409.740000,344.970000,320.970000,327.680000,315.700000,324.770000,311.120000,330.350000,313.270000,274.540000,275.450000
249.560000,276.690000,320.690000,302.490000,292.450000,281.800000,267.830000,247.040000,281.310000,277.840000,255.230000,249.250000,279.900000,278.760000,301.790000,322.640000,275.070000,346.520000,263.230000,280.270000,286.480000,336.570000,311.050000,340.470000,334.670000,344.730000,330.900000,333.370000,349.980000,356.130000,402.490000,431.310000,428.810000,466.730000,469.890000,469.970000,455.330000,432.630000,377.630000,342.750000,367.210000,319.470000,355.790000,298.000000,296.460000,285.060000,308.840000,328.710000
336.860000,363.520000,317.360000,303.160000,286.620000,285.230000,288.280000,271.990000,308.620000,289.360000,316.050000,299.770000,384.420000,505.980000,381.370000,534.480000,461.030000,533.360000,420.600000,450.540000,449.900000,492.460000,499.890000,498.210000,492.310000,531.750000,663.330000,594.220000,583.330000,562.610000,572.210000,604.750000,659.420000,820.630000,726.750000,645.090000,673.890000,594.360000,411.790000,394.040000,438.730000,391.720000,335.020000,304.640000,305.250000,303.240000,292.260000,261.610000
281.830000,313.210000,286.100000,260.200000,271.080000,262.990000,279.010000,270.530000,311.290000,299.400000,374.830000,389.870000,364.330000,451.610000,455.880000,506.500000,449.870000,489.920000,461.550000,499.260000,511.940000,489.480000,440.840000,453.630000,466.920000,477.310000,493.040000,478.220000,479.490000,475.790000,544.590000,543.250000,510.550000,562.610000,510.710000,527.800000,495.680000,471.240000,406.550000,391.750000,373.530000,299.600000,396.280000,327.260000,322.740000,289.200000,295.390000,283.660000
251.940000,284.560000,289.950000,248.950000,248.950000,248.560000,282.430000,270.720000,265.380000,255.710000,310.710000,326.550000,412.820000,493.660000,492.060000,524.080000,509.900000,518.670000,505.330000,501.890000,501.980000,499.770000,437.240000,412.900000,400.500000,396.980000,424.170000,416.740000,419.000000,421.730000,427.290000,442.780000,445.090000,459.540000,426.490000,429.330000,441.200000,437.130000,377.430000,365.700000,342.870000,322.070000,326.780000,292.910000,334.610000,317.310000,285.780000,227.050000
267.640000,296.190000,271.610000,273.170000,247.220000,238.930000,274.790000,267.440000,301.930000,324.850000,366.400000,365.990000,375.640000,382.420000,403.330000,461.690000,443.180000,475.710000,451.370000,441.330000,443.990000,434.450000,449.040000,453.110000,443.860000,439.100000,449.700000,443.250000,440.590000,438.890000,423.140000,436.410000,420.640000,444.440000,432.260000,438.880000,424.480000,427.970000,362.410000,338.500000,329.710000,318.610000,287.200000,253.410000,247.930000,240.430000,295.990000,257.290000
241.560000,295.410000,238.090000,235.490000,237.190000,231.470000,236.000000,221.430000,240.300000,231.880000,282.120000,284.390000,412.810000,447.800000,421.770000,489.220000,501.060000,516.270000,490.700000,492.010000,502.740000,490.050000,409.930000,376.350000,399.280000,391.670000,378.300000,364.810000,350.830000,342.130000,324.780000,349.990000,368.290000,392.010000,380.360000,350.860000,349.990000,348.650000,286.220000,253.910000,286.380000,245.250000,252.950000,257.630000,288.410000,268.920000,237.810000,251.740000
257.780000,277.530000,270.210000,214.920000,223.280000,204.820000,205.250000,205.900000,202.120000,192.690000,219.300000,228.590000,259.440000,250.130000,251.270000,243.340000,251.580000,282.320000,252.940000,244.340000,237.550000,254.310000,237.290000,237.350000,227.010000,219.770000,228.790000,227.370000,235.060000,242.970000,280.990000,310.810000,305.850000,314.150000,325.260000,322.260000,329.130000,319.820000,314.720000,294.690000,286.000000,262.740000,270.750000,254.020000,271.280000,271.340000,185.820000,262.970000
247.870000,264.810000,243.230000,250.370000,253.910000,240.530000,254.570000,243.740000,238.050000,195.230000,247.650000,241.420000,241.200000,233.780000,235.050000,224.660000,239.040000,269.440000,263.940000,270.450000,250.880000,255.930000,271.000000,270.960000,268.760000,264.920000,255.480000,253.610000,249.740000,250.800000,240.370000,249.210000,255.780000,259.050000,264.870000,260.010000,258.760000,244.660000,255.790000,252.600000,246.230000,233.700000,223.620000,180.480000,200.860000,136.200000,191.760000,164.000000
119.710000,151.430000,141.420000,104.460000,120.090000,101.970000,95.550000,96.170000,122.040000,102.780000,162.960000,243.710000,225.860000,227.820000,242.910000,274.820000,254.410000,274.060000,256.260000,259.380000,242.750000,242.380000,240.570000,239.100000,237.660000,233.080000,226.930000,232.250000,232.830000,224.690000,211.620000,216.670000,220.690000,246.030000,225.190000,218.060000,218.250000,215.550000,215.800000,201.520000,181.910000,179.350000,199.030000,101.410000,184.890000,121.900000,90.160000,68.760000
67.960000,77.570000,87.620000,40.150000,24.990000,17.520000,15.520000,7.130000,29.200000,38.190000,54.810000,68.520000,86.510000,181.550000,135.140000,221.330000,204.790000,254.660000,265.250000,236.590000,202.530000,190.950000,161.060000,168.170000,184.710000,178.610000,188.170000,191.190000,196.660000,200.870000,208.140000,224.270000,221.210000,244.630000,242.080000,232.850000,247.430000,222.160000,213.600000,188.890000,194.370000,168.600000,161.970000,161.790000,192.080000,178.210000,202.970000,186.930000
208.620000,218.490000,206.760000,167.860000,202.220000,115.100000,188.670000,133.810000,197.550000,164.240000,195.060000,208.630000,225.500000,220.670000,201.940000,232.320000,197.410000,233.520000,221.490000,222.880000,209.040000,197.640000,187.150000,188.530000,187.250000,200.610000,189.020000,183.300000,177.300000,194.920000,177.680000,207.700000,204.060000,240.080000,209.970000,229.210000,235.070000,228.740000,225.800000,221.350000,220.910000,187.590000,184.260000,185.430000,180.360000,158.790000,138.010000,140.620000
151.310000,167.960000,182.790000,173.830000,182.940000,185.220000,202.330000,205.300000,218.000000,199.790000,223.150000,216.180000,234.040000,189.850000,167.020000,188.010000,178.870000,212.980000,260.000000,246.450000,203.070000,226.720000,228.700000,232.890000,226.830000,230.500000,242.830000,245.850000,264.710000,257.810000,220.500000,236.760000,230.380000,223.000000,222.590000,219.580000,212.560000,198.560000,202.380000,182.450000,181.710000,172.530000,173.350000,184.480000,182.650000,160.920000,166.980000,177.710000
187.560000,206.010000,205.200000,160.400000,157.660000,163.880000,158.300000,146.320000,170.080000,148.000000,192.380000,163.150000,182.760000,161.830000,179.880000,215.940000,166.020000,165.930000,170.010000,161.140000,172.200000,161.850000,140.850000,141.770000,141.410000,150.040000,156.140000,149.730000,151.670000,153.830000,150.210000,166.340000,164.970000,168.900000,161.710000,171.050000,167.600000,154.860000,166.420000,160.310000,157.140000,157.590000,151.400000,145.250000,137.440000,118.880000,167.980000,169.520000
138.940000,114.780000,86.530000,67.370000,56.070000,55.200000,41.820000,43.200000,49.400000,47.670000,53.710000,60.150000,78.650000,93.400000,94.030000,80.820000,92.590000,135.210000,136.100000,136.370000,140.160000,148.940000,142.860000,144.760000,133.910000,142.480000,171.940000,174.140000,168.140000,160.330000,163.060000,154.950000,163.350000,169.510000,165.330000,156.580000,145.890000,159.870000,157.420000,155.170000,147.600000,123.740000,142.630000,95.330000,107.110000,90.310000,63.190000,59.500000
80.430000,92.280000,94.620000,69.980000,59.840000,46.970000,37.090000,29.300000,41.030000,38.960000,34.070000,46.250000,54.360000,74.330000,58.740000,77.840000,44.440000,122.360000,146.270000,175.970000,183.200000,181.600000,190.550000,196.370000,202.990000,209.440000,223.050000,222.880000,226.920000,219.760000,212.700000,194.020000,181.700000,179.680000,174.160000,156.450000,153.760000,150.060000,112.280000,107.270000,94.920000,82.870000,68.650000,51.600000,66.650000,51.930000,8.470000,0.650000
2.120000,11.020000,25.330000,27.670000,22.850000,21.240000,21.790000,6.250000,10.300000,2.960000,-0.080000,-6.000000,11.850000,49.050000,23.760000,62.730000,38.750000,63.000000,85.080000,97.010000,79.570000,70.280000,73.950000,67.660000,66.280000,67.590000,57.430000,57.720000,56.710000,59.150000,81.210000,98.270000,109.900000,149.020000,146.500000,137.790000,135.560000,126.980000,125.470000,137.720000,136.890000,136.920000,138.690000,114.900000,89.590000,68.580000,31.320000,24.180000
34.770000,94.990000,25.250000,25.190000,19.680000,24.640000,21.980000,29.170000,41.680000,54.410000,85.430000,102.910000,130.830000,135.030000,128.320000,125.620000,137.140000,132.690000,134.110000,134.370000,152.760000,156.250000,134.900000,106.170000,120.060000,107.240000,95.220000,80.570000,101.670000,103.520000,88.430000,94.100000,106.110000,128.050000,157.480000,165.390000,154.670000,148.370000,168.700000,140.580000,149.600000,110.430000,89.790000,72.290000,60.260000,52.300000,37.770000,16.750000
-11.380000,3.820000,-24.470000,-31.870000,-32.940000,-29.270000,-51.510000,-43.380000,-9.160000,-10.980000,-16.600000,-13.710000,-9.120000,7.520000,54.380000,66.250000,66.910000,163.170000,177.070000,184.810000,183.980000,186.190000,172.230000,148.550000,152.740000,153.870000,145.880000,128.940000,118.990000,101.320000,89.660000,102.090000,116.730000,129.690000,146.370000,130.920000,134.180000,107.410000,139.730000,120.810000,121.840000,58.770000,31.190000,-0.350000,11.550000,12.550000,54.430000,72.100000
27.400000,27.510000,31.230000,2.060000,4.150000,-16.700000,19.790000,11.530000,-5.670000,2.180000,5.630000,32.880000,14.690000,27.640000,-7.020000,5.600000,10.490000,53.320000,40.780000,64.680000,87.900000,88.040000,97.750000,103.480000,97.950000,93.250000,126.850000,126.660000,112.170000,119.210000,146.280000,153.130000,124.710000,169.640000,200.260000,200.680000,210.080000,193.280000,175.930000,168.780000,183.120000,176.900000,185.330000,182.540000,155.360000,101.770000,101.630000,19.080000
15.160000,19.740000,38.150000,15.810000,20.930000,3.770000,-12.470000,-27.580000,-32.950000,-44.300000,-46.760000,-42.630000,-42.980000,29.090000,40.880000,62.540000,12.990000,55.580000,82.080000,116.290000,105.290000,102.330000,96.640000,110.450000,91.350000,77.410000,72.410000,65.640000,58.700000,60.670000,33.030000,36.560000,53.870000,88.060000,116.690000,116.390000,114.080000,91.520000,74.270000,50.240000,42.340000,20.030000,-3.600000,-14.250000,-6.320000,-6.140000,-24.590000,-21.890000
-31.890000,5.240000,-1.480000,10.330000,71.310000,110.840000,82.140000,39.560000,8.450000,13.400000,-1.200000,12.980000,-1.010000,-2.200000,31.730000,78.480000,94.350000,108.890000,134.730000,155.070000,188.330000,221.710000,258.650000,274.550000,281.170000,315.860000,307.900000,277.880000,249.440000,242.770000,213.450000,184.430000,172.300000,172.370000,160.160000,169.870000,191.560000,192.580000,159.730000,141.410000,145.250000,136.820000,95.860000,111.200000,98.440000,71.560000,103.020000,60.350000
62.480000,103.420000,122.100000,52.750000,33.500000,18.340000,-20.280000,-31.600000,-25.430000,-1.610000,6.530000,-5.530000,-6.190000,-6.320000,-15.470000,-10.440000,-16.600000,4.890000,68.040000,104.640000,134.830000,140.980000,153.370000,161.530000,164.230000,167.480000,170.500000,158.640000,154.770000,156.510000,151.610000,183.280000,201.560000,213.650000,219.760000,220.550000,219.770000,219.120000,197.280000,200.030000,196.890000,182.920000,188.570000,177.900000,161.760000,166.000000,156.510000,151.350000
172.680000,182.340000,169.780000,157.010000,133.020000,121.770000,83.760000,69.640000,57.450000,25.600000,43.530000,43.810000,68.740000,68.240000,80.810000,76.880000,70.170000,105.880000,81.620000,115.210000,108.640000,106.710000,120.920000,121.940000,104.380000,103.840000,119.610000,126.890000,119.690000,119.370000,150.910000,160.230000,133.950000,183.020000,201.730000,208.510000,215.980000,210.680000,184.800000,174.920000,171.020000,168.990000,150.490000,126.430000,122.790000,107.080000,152.800000,132.440000
112.510000,158.350000,158.160000,140.730000,136.500000,125.590000,153.820000,124.130000,159.910000,123.800000,179.190000,177.270000,177.490000,173.320000,145.240000,126.930000,128.660000,180.150000,128.020000,156.280000,135.430000,145.650000,133.530000,158.260000,148.360000,151.350000,154.760000,146.290000,162.590000,164.830000,164.050000,163.010000,150.580000,164.930000,169.080000,169.100000,168.210000,163.710000,139.520000,155.480000,138.850000,135.480000,130.160000,83.540000,95.970000,80.060000,63.830000,18.450000
8.920000,10.110000,-10.400000,-25.140000,-20.320000,-25.500000,-41.530000,-46.330000,-49.750000,-48.760000,2.920000,23.680000,24.030000,53.180000,62.970000,103.480000,98.100000,97.020000,83.820000,78.750000,79.750000,80.240000,91.120000,97.820000,87.370000,88.410000,108.820000,117.860000,114.450000,119.900000,101.380000,87.470000,93.410000,134.310000,152.650000,160.550000,154.170000,136.630000,157.210000,140.090000,124.810000,126.350000,144.990000,140.080000,109.920000,66.970000,75.790000,61.300000
62.260000,101.940000,109.410000,116.050000,121.800000,123.020000,108.210000,94.420000,85.690000,97.600000,108.160000,143.060000,140.940000,141.510000,134.990000,154.140000,135.060000,107.110000,140.640000,132.680000,129.280000,127.500000,135.950000,117.990000,107.380000,100.010000,131.850000,108.880000,118.500000,114.920000,108.790000,107.910000,111.360000,126.040000,135.890000,132.810000,131.360000,139.900000,117.190000,138.870000,111.960000,114.790000,110.000000,93.880000,111.890000,80.570000,136.290000,94.890000
87.150000,132.580000,111.770000,83.400000,100.400000,98.630000,98.910000,82.770000,97.590000,75.560000,64.100000,66.690000,82.280000,124.840000,92.500000,146.100000,120.830000,141.680000,140.870000,129.660000,113.060000,124.700000,133.010000,131.890000,114.110000,114.190000,146.750000,149.920000,152.690000,136.390000,109.380000,136.160000,154.100000,164.050000,167.470000,163.780000,156.980000,136.550000,139.380000,143.950000,131.650000,109.610000,117.980000,85.120000,83.470000,72.920000,71.310000,20.320000
3.220000,2.870000,0.290000,-13.260000,-12.700000,-16.070000,-17.830000,-24.080000,-21.060000,39.870000,43.600000,84.320000,35.840000,56.900000,64.440000,108.710000,103.680000,140.630000,151.270000,158.020000,162.800000,162.260000,158.950000,151.840000,128.130000,118.900000,101.330000,91.030000,109.620000,101.820000,33.290000,31.410000,76.860000,109.280000,127.900000,133.730000,126.310000,105.640000,88.370000,0.300000,22.660000,-9.840000,63.680000,36.420000,18.670000,6.870000,27.150000,23.620000
27.830000,43.340000,20.700000,19.210000,59.000000,47.430000,25.260000,36.260000,43.730000,30.390000,7.330000,6.730000,18.690000,32.820000,61.330000,80.750000,34.310000,101.910000,42.890000,99.300000,41.800000,84.510000,76.840000,91.560000,88.470000,122.280000,139.920000,146.410000,146.150000,143.160000,172.370000,161.670000,172.970000,183.780000,192.220000,196.230000,199.290000,192.220000,173.940000,172.550000,156.790000,160.860000,168.350000,148.650000,157.980000,104.620000,80.380000,52.750000
50.470000,57.240000,47.530000,34.090000,37.690000,33.840000,27.450000,19.590000,46.380000,33.840000,59.460000,65.910000,117.470000,156.340000,144.270000,167.450000,163.710000,174.370000,195.760000,181.440000,190.760000,182.980000,172.000000,169.800000,167.660000,162.360000,151.070000,147.250000,157.950000,161.850000,149.730000,160.470000,173.890000,192.370000,181.470000,169.460000,169.180000,160.370000,181.040000,171.240000,172.860000,161.450000,140.220000,104.400000,138.960000,91.490000,119.940000,110.530000
104.510000,149.060000,136.430000,120.630000,101.700000,99.080000,96.650000,94.180000,110.680000,104.200000,125.220000,105.340000,120.610000,146.460000,167.670000,208.200000,180.230000,179.400000,164.590000,156.640000,162.260000,144.420000,124.160000,148.800000,154.330000,151.430000,151.710000,151.480000,139.400000,135.570000,149.390000,136.760000,121.360000,151.490000,165.500000,160.350000,160.330000,148.880000,137.170000,116.490000,113.450000,52.430000,68.130000,42.380000,36.010000,20.960000,-6.430000,-12.990000
41.330000,73.890000,-8.820000,-12.470000,3.430000,-9.900000,-11.060000,-10.700000,1.610000,13.320000,96.370000,117.400000,85.670000,174.870000,98.410000,162.780000,101.630000,130.830000,125.780000,128.070000,116.940000,82.690000,54.930000,50.290000,91.590000,110.680000,127.540000,133.370000,138.850000,142.930000,130.010000,137.550000,150.760000,166.460000,179.850000,186.410000,185.920000,170.310000,172.670000,163.160000,143.150000,152.350000,140.250000,85.040000,83.160000,50.280000,41.140000,26.320000
16.990000,24.870000,18.310000,17.140000,14.670000,13.180000,9.650000,7.530000,15.770000,13.810000,51.910000,75.200000,62.790000,154.120000,158.690000,180.960000,186.510000,192.020000,189.830000,184.670000,175.830000,160.800000,143.720000,142.790000,143.440000,139.720000,115.280000,97.530000,105.290000,117.460000,101.550000,120.640000,114.900000,149.900000,176.960000,178.930000,174.850000,173.180000,159.270000,155.240000,156.460000,146.230000,114.300000,55.880000,94.610000,47.680000,112.930000,55.990000
80.980000,44.250000,43.620000,14.260000,16.240000,25.250000,12.190000,10.700000,42.580000,39.930000,48.160000,104.920000,54.180000,102.210000,80.950000,140.210000,155.850000,163.850000,175.850000,177.260000,173.950000,163.890000,153.380000,160.740000,165.780000,167.850000,167.860000,161.710000,168.490000,165.070000,154.980000,161.650000,152.920000,171.780000,197.020000,200.750000,198.500000,195.270000,191.750000,188.550000,188.110000,187.930000,156.660000,142.490000,156.760000,138.230000,155.480000,156.630000
154.180000,148.070000,135.140000,116.670000,106.360000,58.210000,40.440000,-3.450000,41.470000,7.440000,25.370000,55.840000,70.540000,105.660000,79.770000,107.620000,52.710000,102.530000,145.890000,133.380000,147.220000,140.690000,105.310000,117.800000,101.590000,85.680000,57.780000,30.970000,31.360000,24.710000,45.770000,72.190000,61.650000,124.330000,148.990000,156.110000,153.520000,148.630000,141.940000,132.360000,129.470000,108.220000,92.570000,29.100000,37.980000,23.030000,81.130000,44.490000
16.460000,23.940000,11.410000,0.250000,1.240000,4.840000,35.100000,24.170000,21.750000,14.270000,17.790000,23.210000,9.310000,24.250000,4.120000,12.810000,18.950000,65.550000,102.430000,139.450000,140.360000,141.460000,115.250000,124.580000,133.420000,145.090000,158.200000,139.020000,109.970000,104.700000,83.790000,102.200000,129.640000,175.380000,229.810000,236.190000,236.300000,235.620000,235.990000,230.720000,223.310000,206.930000,204.420000,202.690000,175.940000,173.990000,175.850000,174.710000
187.640000,192.750000,190.230000,170.270000,164.580000,132.480000,136.480000,132.760000,107.330000,83.900000,147.050000,131.630000,126.080000,99.820000,106.510000,126.960000,121.640000,135.310000,165.320000,158.260000,149.380000,135.060000,156.880000,143.960000,145.900000,144.880000,142.850000,127.960000,125.300000,123.880000,104.840000,108.970000,122.770000,147.950000,123.430000,128.830000,127.810000,133.510000,130.010000,126.910000,123.980000,131.840000,145.080000,135.850000,124.940000,121.140000,134.720000,126.770000
119.850000,129.950000,148.470000,135.440000,111.530000,112.860000,137.780000,116.720000,139.020000,129.190000,133.390000,137.110000,168.030000,175.200000,181.250000,215.570000,209.150000,207.510000,192.620000,191.360000,203.130000,190.800000,141.520000,124.460000,134.130000,122.460000,126.650000,122.980000,151.190000,144.290000,169.800000,175.700000,170.480000,187.690000,162.050000,154.450000,170.370000,155.690000,140.120000,138.320000,131.530000,128.280000,146.290000,146.340000,138.940000,134.660000,135.690000,122.100000
108.990000,131.250000,145.970000,128.260000,141.210000,130.690000,133.550000,116.930000,130.660000,118.440000,159.510000,153.420000,159.320000,150.600000,166.940000,178.670000,170.210000,184.040000,185.060000,180.540000,182.700000,169.780000,151.340000,151.300000,150.350000,145.990000,144.470000,142.600000,148.510000,161.430000,170.220000,175.820000,169.520000,187.220000,187.850000,189.320000,187.230000,180.550000,171.200000,175.820000,173.550000,171.790000,167.160000,157.810000,153.520000,149.160000,149.200000,153.160000
164.710000,169.420000,158.120000,153.920000,144.070000,152.600000,157.170000,155.480000,170.530000,167.460000,172.490000,163.500000,169.470000,182.380000,215.390000,244.120000,242.160000,247.840000,241.050000,239.750000,232.330000,215.710000,173.630000,171.330000,185.410000,173.570000,179.640000,174.470000,181.650000,184.650000,190.190000,206.480000,212.910000,216.140000,216.090000,220.470000,209.800000,200.170000,183.210000,173.480000,166.410000,161.130000,156.700000,148.450000,147.680000,138.020000,119.010000,119.440000
132.120000,149.640000,151.970000,136.810000,128.660000,123.870000,115.610000,119.030000,125.370000,120.320000,143.960000,130.600000,137.870000,161.960000,185.880000,213.020000,184.270000,208.420000,210.750000,204.360000,196.820000,195.440000,188.220000,182.190000,176.120000,174.890000,176.450000,173.370000,178.580000,182.460000,160.860000,184.290000,171.940000,197.640000,174.270000,184.270000,197.860000,188.880000,160.820000,158.220000,179.810000,161.660000,152.520000,144.180000,143.650000,148.670000,146.000000,141.600000
133.610000,144.090000,146.140000,139.030000,133.570000,122.030000,123.220000,112.500000,117.780000,110.990000,136.740000,141.810000,133.050000,125.310000,139.760000,140.750000,149.070000,167.260000,149.750000,156.280000,158.580000,143.400000,155.170000,152.440000,136.640000,133.460000,139.090000,133.670000,130.930000,134.920000,129.050000,135.500000,142.620000,176.180000,195.480000,200.650000,199.820000,185.550000,178.220000,146.140000,153.710000,126.760000,157.940000,148.920000,147.070000,145.870000,140.150000,159.160000
148.220000,164.390000,158.790000,151.140000,143.950000,128.350000,144.010000,133.730000,131.990000,126.730000,105.880000,118.020000,148.150000,105.730000,110.220000,111.210000,134.860000,152.580000,133.530000,146.980000,142.750000,149.880000,141.870000,142.020000,148.030000,158.590000,154.430000,145.820000,155.030000,156.140000,142.940000,163.450000,169.540000,197.920000,205.130000,215.000000,216.330000,204.430000,195.430000,179.350000,175.130000,172.010000,164.180000,139.340000,151.420000,151.360000,154.880000,132.170000
136.680000,154.240000,146.900000,137.500000,142.860000,140.550000,137.570000,137.040000,145.760000,137.220000,144.750000,138.270000,160.290000,136.110000,184.440000,226.620000,219.970000,235.070000,205.490000,203.930000,211.550000,201.150000,184.870000,184.390000,198.180000,191.660000,177.350000,178.320000,198.760000,210.730000,190.230000,201.580000,201.060000,234.280000,214.290000,214.260000,213.170000,212.400000,197.550000,177.550000,176.140000,159.900000,156.720000,141.980000,141.730000,140.500000,125.050000,122.320000
119.950000,124.860000,124.710000,123.360000,125.240000,121.390000,121.870000,121.080000,123.240000,119.920000,150.480000,133.230000,132.060000,149.970000,155.640000,206.760000,171.360000,187.830000,179.290000,180.530000,177.070000,164.280000,172.640000,161.080000,175.640000,169.010000,167.830000,167.060000,173.670000,176.210000,182.060000,187.420000,189.130000,208.600000,189.760000,191.530000,212.570000,218.490000,176.360000,165.180000,185.580000,150.570000,157.180000,145.740000,146.570000,139.560000,116.210000,109.280000
117.830000,143.050000,129.800000,110.640000,109.140000,108.340000,110.820000,103.490000,115.510000,129.670000,133.190000,134.560000,158.270000,137.450000,186.070000,194.130000,199.730000,186.250000,156.800000,154.290000,177.130000,176.250000,176.920000,172.230000,180.720000,186.370000,194.140000,196.940000,192.690000,180.140000,190.500000,202.460000,205.460000,219.880000,237.660000,239.690000,215.400000,198.600000,184.470000,186.870000,166.510000,166.350000,168.080000,154.900000,152.620000,149.270000,132.860000,138.740000
138.710000,146.340000,140.150000,131.740000,128.220000,129.050000,135.320000,131.440000,126.550000,126.360000,164.060000,167.200000,188.250000,188.880000,189.100000,203.930000,194.700000,199.390000,183.210000,181.860000,181.650000,182.630000,165.230000,159.040000,159.030000,154.510000,150.940000,149.100000,165.580000,175.560000,160.090000,186.960000,164.280000,206.510000,189.960000,206.190000,199.590000,188.150000,194.780000,179.620000,181.270000,157.150000,156.140000,136.920000,137.540000,138.130000,103.610000,113.060000
144.710000,170.860000,149.380000,138.960000,131.930000,128.460000,130.630000,123.620000,135.330000,129.880000,136.350000,131.820000,151.130000,137.210000,133.800000,188.930000,165.390000,179.150000,181.090000,179.040000,169.960000,164.560000,166.230000,152.900000,156.430000,155.710000,171.340000,155.070000,160.100000,158.280000,153.870000,159.550000,151.510000,167.210000,165.690000,166.690000,175.650000,171.960000,169.430000,142.580000,155.690000,136.510000,154.090000,138.940000,153.210000,137.990000,130.590000,139.740000
130.280000,140.970000,133.140000,133.130000,132.320000,134.890000,115.730000,0.000000,0.000000,115.300000,142.400000,0.000000,0.000000,0.000000,0.000000,0.000000,115.760000,130.440000,112.810000,124.680000,139.590000,141.660000,140.160000,142.320000,143.740000,144.590000,139.720000,144.790000,151.330000,145.650000,154.490000,165.790000,146.660000,173.850000,172.130000,168.280000,175.090000,145.240000,181.580000,130.460000,161.460000,129.280000,149.110000,145.340000,146.480000,146.800000,127.820000,140.510000
124.050000,132.950000,131.530000,124.330000,116.560000,118.340000,105.140000,105.300000,98.780000,91.920000,103.520000,94.490000,99.650000,92.110000,108.570000,122.480000,116.780000,123.020000,134.520000,146.180000,141.650000,141.960000,148.120000,137.150000,107.710000,95.540000,107.470000,89.660000,97.470000,107.160000,94.240000,105.160000,95.190000,128.270000,130.850000,143.160000,152.500000,141.920000,150.710000,142.360000,137.840000,131.480000,135.520000,109.270000,135.940000,124.330000,105.080000,86.210000
84.240000,77.780000,73.170000,73.070000,75.300000,76.330000,73.940000,72.150000,80.800000,80.330000,88.390000,97.290000,90.050000,101.570000,90.740000,111.250000,93.170000,105.200000,102.100000,99.170000,85.050000,80.020000,77.610000,71.960000,71.810000,65.060000,65.430000,62.280000,57.610000,51.810000,74.710000,68.800000,73.710000,79.720000,90.260000,98.980000,104.830000,106.580000,104.480000,105.770000,104.010000,98.030000,110.010000,91.260000,86.140000,91.980000,67.830000,81.340000
86.440000,81.080000,77.350000,88.600000,75.320000,69.820000,71.650000,67.730000,68.030000,67.890000,66.580000,66.530000,68.700000,70.820000,60.800000,65.910000,68.600000,83.730000,87.160000,86.750000,85.550000,66.820000,62.390000,69.580000,80.060000,58.790000,53.970000,49.050000,40.000000,39.690000,58.590000,54.480000,59.560000,51.690000,81.650000,87.650000,86.490000,102.840000,107.910000,110.700000,101.130000,95.310000,96.760000,87.270000,91.910000,88.800000,87.280000,74.850000
77.640000,73.260000,78.510000,77.590000,73.070000,73.080000,74.880000,70.970000,69.030000,68.370000,75.590000,69.060000,73.150000,96.620000,86.750000,100.260000,81.740000,81.950000,76.460000,73.500000,69.210000,70.570000,71.690000,69.880000,70.290000,68.680000,68.640000,66.980000,68.440000,68.090000,73.630000,71.940000,71.630000,74.080000,88.570000,104.210000,110.290000,112.150000,112.810000,115.520000,112.650000,108.880000,98.470000,83.790000,86.930000,81.420000,83.860000,70.600000
68.310000,66.080000,64.370000,66.580000,63.320000,66.190000,64.130000,65.530000,76.160000,73.220000,67.770000,71.390000,92.150000,104.510000,89.120000,103.590000,82.840000,78.350000,87.480000,70.540000,67.120000,64.690000,66.070000,65.610000,67.330000,63.370000,62.890000,58.130000,63.280000,72.680000,85.200000,81.680000,78.650000,78.730000,94.080000,99.310000,110.770000,111.220000,113.770000,114.290000,106.820000,102.930000,97.040000,89.940000,91.260000,82.740000,80.710000,83.750000
87.620000,81.950000,72.910000,73.770000,75.430000,77.220000,74.060000,73.900000,71.150000,71.580000,73.060000,78.410000,92.190000,109.470000,91.830000,109.440000,89.600000,91.260000,80.670000,75.320000,77.120000,74.990000,67.470000,66.860000,67.920000,67.690000,67.650000,67.450000,71.820000,69.700000,77.960000,83.320000,89.580000,103.560000,132.800000,136.680000,157.690000,164.430000,132.510000,126.850000,118.430000,112.520000,107.050000,87.810000,91.150000,88.530000,76.990000,70.290000
69.680000,70.550000,78.460000,75.160000,73.150000,76.580000,75.160000,79.230000,78.210000,74.390000,82.520000,91.140000,92.210000,101.880000,79.350000,95.360000,84.150000,82.520000,82.190000,74.230000,80.470000,74.260000,66.060000,72.120000,71.300000,68.360000,69.420000,68.980000,69.330000,68.980000,78.350000,76.380000,84.020000,95.400000,105.410000,102.690000,114.810000,110.820000,104.750000,104.410000,103.840000,97.540000,102.830000,83.370000,81.500000,86.160000,92.220000,85.450000
77.080000,75.300000,75.680000,71.920000,75.260000,77.090000,74.100000,76.750000,84.360000,81.290000,97.040000,99.470000,102.620000,112.800000,91.890000,112.750000,105.570000,109.120000,111.940000,99.680000,107.100000,91.510000,83.160000,77.180000,71.040000,73.430000,76.110000,74.100000,75.240000,75.330000,99.850000,102.680000,90.140000,110.540000,162.370000,166.880000,183.650000,184.990000,175.260000,175.170000,145.910000,138.040000,116.050000,107.960000,110.520000,101.750000,94.250000,84.560000
96.720000,105.720000,91.410000,96.210000,95.980000,87.010000,83.790000,81.460000,86.550000,85.280000,91.470000,92.000000,94.270000,107.180000,97.140000,108.630000,88.640000,100.510000,86.360000,80.290000,80.270000,78.070000,73.160000,72.430000,73.970000,71.810000,74.600000,71.850000,70.930000,68.840000,79.980000,86.290000,97.310000,82.590000,112.310000,108.710000,125.010000,126.840000,119.880000,123.310000,114.340000,112.270000,113.770000,100.320000,97.210000,90.030000,83.560000,94.760000
85.890000,83.170000,98.150000,96.730000,82.360000,80.520000,80.280000,78.800000,77.130000,76.460000,83.900000,80.590000,76.020000,83.330000,72.840000,75.880000,76.130000,88.030000,77.250000,82.690000,92.330000,99.560000,100.420000,108.470000,112.410000,111.240000,105.710000,100.100000,94.540000,89.760000,87.140000,90.620000,99.550000,79.860000,104.860000,108.680000,112.390000,115.030000,116.310000,111.280000,114.480000,111.190000,118.300000,113.960000,101.690000,99.860000,93.190000,98.760000
95.600000,93.800000,87.640000,84.790000,75.120000,76.900000,70.900000,69.660000,73.200000,68.300000,65.300000,69.690000,67.050000,75.150000,77.510000,96.950000,81.250000,83.150000,72.790000,73.170000,83.420000,84.110000,73.650000,76.680000,77.950000,80.800000,82.900000,81.460000,85.690000,83.930000,105.080000,99.510000,111.990000,127.650000,139.180000,147.870000,155.710000,151.060000,132.120000,131.990000,122.820000,118.080000,111.620000,97.520000,100.300000,85.880000,91.570000,70.990000
78.580000,75.750000,74.300000,73.110000,69.320000,72.620000,68.700000,70.850000,69.170000,71.820000,89.530000,93.580000,118.540000,120.300000,126.970000,135.990000,117.540000,120.020000,107.570000,105.950000,101.540000,97.370000,98.990000,96.270000,87.760000,83.140000,86.330000,81.160000,92.760000,82.480000,86.960000,84.790000,86.800000,82.110000,92.980000,98.740000,105.880000,102.250000,107.610000,102.770000,101.420000,92.360000,91.630000,83.210000,83.280000,86.760000,87.400000,99.770000
90.860000,80.400000,74.790000,71.800000,69.980000,68.550000,64.390000,73.000000,78.550000,75.330000,91.350000,84.550000,84.790000,101.890000,95.120000,109.130000,85.820000,86.520000,79.150000,76.030000,82.970000,75.800000,63.810000,66.740000,76.020000,88.630000,88.130000,85.940000,90.760000,84.060000,90.050000,86.490000,80.810000,79.220000,100.560000,99.200000,98.840000,94.490000,102.290000,100.040000,102.810000,94.410000,86.720000,88.570000,87.210000,87.030000,83.560000,76.360000
71.980000,67.480000,79.840000,72.320000,69.360000,68.390000,66.140000,65.590000,67.880000,69.230000,82.420000,78.700000,93.920000,98.960000,109.100000,118.070000,108.110000,110.040000,95.700000,91.040000,84.110000,82.740000,76.530000,72.340000,72.320000,71.860000,76.490000,74.670000,75.330000,78.350000,91.550000,87.810000,91.740000,96.310000,107.910000,115.930000,119.280000,117.580000,120.400000,124.220000,120.010000,117.360000,113.180000,106.270000,94.390000,89.830000,92.360000,94.280000
87.580000,81.770000,88.110000,87.150000,84.840000,80.250000,75.160000,73.620000,84.040000,77.460000,87.800000,88.390000,102.870000,117.700000,107.300000,119.380000,107.450000,106.830000,100.130000,87.600000,91.910000,93.240000,72.140000,70.730000,72.990000,71.660000,71.160000,69.660000,70.660000,68.480000,91.430000,85.480000,87.950000,96.460000,105.840000,106.890000,103.250000,100.840000,99.060000,97.860000,92.020000,80.440000,93.190000,96.010000,83.690000,81.170000,71.790000,79.470000
80.050000,75.720000,78.130000,74.380000,75.700000,72.670000,71.950000,66.700000,64.310000,61.330000,63.620000,65.490000,68.750000,86.840000,84.230000,102.530000,74.440000,88.900000,76.730000,79.610000,84.700000,80.360000,74.820000,79.630000,85.990000,84.990000,85.210000,93.510000,94.890000,82.140000,99.500000,92.800000,104.270000,105.340000,115.960000,116.550000,120.330000,118.250000,112.780000,109.330000,102.310000,87.870000,96.590000,89.450000,91.850000,88.990000,79.540000,86.200000
79.700000,79.720000,83.890000,81.340000,73.090000,61.820000,56.310000,54.760000,59.040000,54.030000,61.180000,61.640000,61.400000,61.740000,62.320000,70.390000,59.440000,64.360000,69.690000,86.420000,77.530000,75.070000,93.740000,101.470000,99.380000,101.780000,107.680000,109.450000,110.510000,110.020000,118.910000,117.750000,123.850000,127.250000,133.090000,135.590000,133.370000,130.530000,119.400000,118.070000,116.020000,105.210000,100.020000,102.580000,98.070000,91.640000,80.820000,79.180000
77.560000,73.480000,81.390000,90.850000,90.620000,89.180000,71.470000,69.850000,83.540000,79.480000,101.370000,97.460000,109.610000,112.200000,115.730000,123.320000,114.470000,104.680000,92.340000,86.560000,84.000000,91.300000,78.040000,79.330000,76.240000,75.340000,60.410000,46.920000,42.120000,33.520000,37.390000,39.470000,49.550000,65.740000,77.630000,85.560000,95.210000,96.860000,85.120000,88.230000,89.750000,87.700000,84.830000,58.840000,59.500000,44.810000,12.560000,-3.500000
17.320000,6.910000,30.350000,32.620000,15.350000,9.370000,9.150000,8.380000,16.880000,36.380000,60.780000,79.720000,86.630000,97.260000,86.020000,102.100000,85.760000,91.040000,94.190000,94.540000,99.010000,101.070000,97.570000,95.540000,97.270000,95.450000,92.290000,86.830000,86.830000,88.190000,76.180000,68.260000,77.870000,83.800000,86.210000,85.020000,96.110000,95.420000,87.660000,89.070000,89.140000,82.700000,55.720000,32.990000,50.750000,15.410000,-21.180000,-27.080000
10.530000,23.770000,15.610000,5.860000,6.390000,-6.480000,-5.050000,-12.220000,7.330000,-22.220000,-23.640000,-0.900000,40.350000,93.830000,80.030000,113.320000,57.400000,89.230000,100.070000,95.830000,96.160000,93.200000,89.330000,93.460000,95.670000,94.310000,84.100000,56.340000,51.240000,49.050000,56.020000,74.170000,81.280000,79.840000,103.680000,108.330000,104.620000,107.870000,111.070000,113.880000,102.970000,95.610000,93.100000,96.190000,86.030000,81.350000,56.580000,44.660000
31.480000,27.080000,22.040000,21.750000,11.630000,8.550000,3.460000,-0.990000,9.250000,12.490000,67.300000,70.590000,92.460000,87.000000,100.050000,118.840000,115.460000,111.240000,87.660000,86.430000,82.910000,78.050000,71.910000,68.740000,80.330000,77.080000,84.620000,86.710000,88.380000,91.020000,110.250000,113.510000,109.150000,118.710000,137.260000,145.230000,151.220000,151.600000,122.150000,121.730000,120.010000,107.930000,106.350000,89.680000,90.140000,80.620000,71.670000,79.580000
90.990000,83.540000,70.280000,90.270000,85.610000,78.720000,83.150000,81.860000,79.620000,67.240000,96.910000,84.500000,92.630000,114.830000,118.530000,131.630000,132.450000,128.760000,122.710000,115.510000,102.770000,97.070000,82.360000,74.400000,81.810000,80.940000,84.070000,78.760000,78.540000,77.320000,74.750000,68.740000,82.880000,87.910000,101.250000,106.920000,107.810000,108.850000,117.810000,107.840000,104.550000,96.770000,101.300000,92.450000,97.520000,90.330000,103.380000,85.590000
78.040000,76.660000,75.350000,79.750000,81.460000,74.480000,71.000000,78.300000,69.120000,65.800000,74.110000,93.250000,92.640000,105.210000,85.150000,95.950000,92.330000,109.580000,94.550000,86.920000,100.720000,93.470000,79.510000,75.280000,83.060000,91.850000,87.830000,83.850000,82.290000,78.530000,77.290000,74.500000,76.180000,67.390000,99.720000,104.410000,110.110000,106.870000,111.610000,103.200000,101.750000,78.380000,90.420000,74.240000,71.220000,72.550000,85.700000,56.450000
43.890000,30.590000,11.990000,-11.510000,5.410000,-11.830000,-25.100000,-21.910000,-10.550000,-6.520000,-3.880000,1.220000,4.830000,7.610000,-3.120000,19.790000,-4.520000,25.160000,-3.420000,-4.500000,-7.490000,-11.540000,-21.030000,-23.650000,-27.200000,-27.890000,-34.970000,-35.300000,-30.450000,-29.540000,-28.140000,-24.110000,-8.890000,37.600000,68.660000,76.580000,91.100000,94.280000,95.330000,88.510000,78.160000,59.640000,35.890000,21.480000,5.140000,-11.560000,-36.570000,-58.140000
-40.890000,-50.650000,-58.950000,-61.410000,-63.340000,-62.620000,-74.450000,-75.690000,-77.290000,-76.650000,-46.880000,-30.540000,-4.160000,75.840000,106.760000,119.900000,107.530000,110.210000,88.090000,63.860000,51.740000,49.000000,64.240000,46.560000,42.330000,44.440000,73.430000,71.290000,47.580000,45.120000,46.170000,47.870000,64.930000,83.960000,99.320000,103.180000,111.290000,120.060000,126.700000,121.770000,115.680000,102.430000,98.630000,83.190000,92.270000,96.670000,98.840000,95.190000
98.590000,95.190000,83.610000,72.390000,75.010000,73.580000,82.730000,75.580000,76.360000,64.790000,81.120000,85.520000,105.380000,121.310000,117.690000,128.480000,113.430000,115.480000,108.330000,102.720000,104.830000,84.670000,74.750000,63.070000,66.440000,61.750000,52.390000,46.410000,79.960000,85.490000,102.790000,110.220000,108.030000,104.210000,115.280000,121.730000,126.040000,126.820000,127.710000,125.780000,122.870000,115.490000,112.800000,105.600000,104.330000,103.410000,94.300000,90.570000
89.320000,90.310000,86.460000,86.460000,86.460000,86.460000,0.000000,121.430000,111.880000,107.590000,110.560000,107.450000,126.810000,135.860000,130.610000,135.560000,121.590000,118.900000,103.450000,96.470000,108.660000,102.550000,84.840000,90.940000,97.270000,96.170000,97.720000,85.570000,100.560000,90.380000,92.650000,75.800000,72.370000,83.520000,97.860000,100.620000,98.260000,93.990000,89.970000,96.350000,84.550000,85.340000,55.300000,25.960000,24.020000,7.630000,-17.920000,-28.770000
-31.340000,-23.450000,4.830000,28.360000,37.000000,54.450000,59.080000,58.560000,59.010000,30.280000,-0.220000,75.360000,94.100000,103.360000,91.940000,106.010000,86.560000,97.040000,93.300000,96.400000,97.740000,96.980000,93.050000,98.700000,98.750000,97.620000,100.280000,100.570000,103.660000,102.150000,121.230000,121.530000,124.340000,133.540000,141.860000,137.410000,125.450000,132.830000,133.620000,131.950000,113.870000,102.840000,108.780000,105.930000,88.680000,97.440000,69.780000,88.190000
82.640000,92.620000,94.700000,97.590000,101.440000,99.350000,99.050000,82.480000,89.100000,87.200000,95.800000,96.520000,106.490000,105.980000,95.220000,100.430000,76.210000,65.180000,75.160000,51.040000,49.500000,46.400000,65.010000,72.580000,62.410000,55.620000,54.060000,49.810000,48.500000,46.940000,38.580000,65.420000,80.780000,73.550000,78.440000,92.740000,92.630000,101.310000,92.200000,86.290000,86.780000,81.820000,75.660000,64.200000,83.670000,81.350000,83.450000,61.790000
66.910000,81.420000,79.730000,82.330000,80.140000,81.180000,75.260000,84.760000,90.780000,87.870000,87.730000,75.680000,90.290000,100.150000,106.520000,108.760000,96.100000,100.240000,90.320000,91.250000,88.290000,85.970000,83.920000,88.240000,95.860000,89.120000,85.180000,78.490000,83.250000,84.710000,95.600000,93.150000,109.210000,114.350000,117.130000,115.740000,120.600000,121.510000,118.470000,112.800000,107.900000,92.440000,97.160000,100.460000,103.550000,99.600000,82.730000,86.010000
97.260000,93.720000,83.130000,80.980000,75.500000,75.220000,54.700000,38.690000,48.680000,72.370000,84.380000,84.280000,82.160000,84.260000,70.990000,90.290000,69.290000,78.290000,60.060000,61.110000,55.480000,56.050000,66.570000,64.500000,71.130000,77.240000,86.130000,85.100000,86.110000,77.930000,69.910000,53.010000,90.760000,95.700000,104.290000,109.020000,113.210000,117.760000,120.570000,121.250000,121.040000,109.250000,110.470000,100.490000,102.070000,99.070000,90.610000,85.560000
83.280000,72.510000,68.920000,81.300000,82.200000,78.570000,73.940000,68.310000,81.900000,74.410000,88.110000,88.330000,97.010000,108.130000,109.030000,122.590000,99.190000,111.490000,98.760000,91.000000,88.260000,79.930000,76.830000,74.040000,70.870000,75.700000,77.330000,80.640000,86.540000,79.640000,97.080000,94.940000,107.410000,109.960000,130.190000,130.100000,151.410000,153.340000,130.600000,111.540000,101.470000,89.890000,74.390000,74.310000,71.420000,78.400000,75.630000,59.860000
36.360000,32.800000,13.760000,7.500000,5.820000,-0.330000,-7.750000,-5.870000,-4.560000,-2.920000,7.720000,21.290000,52.740000,77.340000,93.960000,102.870000,111.110000,108.820000,101.790000,83.950000,73.050000,65.320000,62.620000,47.720000,38.190000,25.350000,36.200000,34.140000,24.030000,18.380000,3.670000,12.890000,24.710000,48.430000,77.410000,85.920000,87.590000,95.850000,94.130000,94.840000,96.860000,88.310000,78.850000,67.150000,75.000000,62.900000,48.780000,28.750000
9.690000,6.020000,6.240000,10.080000,8.930000,5.240000,18.450000,26.650000,62.280000,61.310000,79.790000,70.740000,81.510000,92.290000,90.690000,110.150000,93.770000,87.350000,53.040000,34.760000,63.650000,67.880000,64.170000,56.380000,46.420000,39.130000,38.660000,43.030000,64.690000,60.360000,84.370000,84.670000,95.350000,87.290000,94.200000,99.940000,105.470000,108.470000,95.580000,88.030000,85.840000,71.810000,72.130000,75.840000,80.120000,76.630000,59.370000,60.950000
56.020000,55.140000,50.200000,53.130000,46.410000,45.110000,47.250000,45.000000,61.080000,56.250000,59.860000,49.650000,56.650000,67.950000,91.910000,105.360000,85.170000,91.080000,89.810000,82.790000,74.730000,68.620000,58.100000,64.750000,60.490000,57.050000,66.070000,58.530000,46.010000,49.570000,65.570000,65.530000,62.780000,63.530000,59.520000,61.780000,58.680000,64.810000,60.850000,56.410000,62.430000,63.090000,61.170000,60.980000,59.860000,48.030000,42.740000,1.080000
-15.590000,-26.360000,-42.780000,-47.340000,-49.650000,-54.810000,-69.580000,-72.970000,-71.330000,-73.240000,-65.020000,-59.240000,2.650000,53.190000,59.390000,79.380000,58.360000,61.500000,32.190000,43.450000,43.420000,35.830000,22.650000,19.580000,6.770000,-0.080000,11.870000,15.040000,29.560000,39.800000,59.550000,53.270000,83.570000,80.810000,85.100000,94.510000,98.230000,101.710000,91.430000,89.820000,81.170000,70.510000,81.050000,73.650000,75.170000,62.990000,48.260000,40.210000
40.940000,33.440000,14.400000,14.480000,25.330000,24.360000,21.100000,19.330000,27.990000,34.070000,50.760000,56.580000,51.210000,60.090000,47.290000,72.590000,37.360000,68.840000,40.530000,16.080000,9.620000,6.650000,2.260000,0.300000,-0.660000,4.470000,13.140000,7.900000,11.800000,10.890000,57.790000,61.910000,64.440000,47.910000,80.780000,95.730000,94.740000,101.710000,99.340000,103.780000,96.100000,93.430000,95.550000,87.590000,79.320000,90.450000,94.070000,94.580000
83.780000,74.480000,70.580000,73.950000,75.910000,78.520000,85.620000,92.820000,94.850000,94.570000,100.400000,89.190000,103.420000,75.030000,64.590000,99.970000,82.380000,101.180000,56.520000,81.490000,84.850000,88.410000,85.090000,75.140000,82.030000,76.940000,76.480000,78.470000,83.220000,75.310000,82.740000,86.160000,96.650000,92.260000,116.370000,120.100000,124.930000,124.220000,113.480000,109.980000,113.660000,92.370000,97.550000,90.140000,83.790000,83.740000,94.220000,93.050000
91.130000,93.860000,77.940000,86.280000,77.610000,77.520000,73.010000,72.670000,82.690000,80.880000,96.000000,84.050000,93.140000,85.350000,78.630000,101.230000,81.740000,89.770000,84.460000,79.620000,77.470000,78.750000,79.180000,80.710000,88.440000,85.460000,78.710000,76.760000,78.010000,78.270000,98.400000,113.540000,107.690000,117.450000,141.970000,146.270000,161.280000,163.760000,139.640000,127.500000,116.990000,98.850000,100.400000,86.220000,95.820000,92.270000,89.820000,88.790000
90.100000,89.550000,93.600000,88.680000,85.050000,75.810000,79.150000,77.820000,86.520000,87.200000,95.520000,89.370000,97.850000,102.720000,116.480000,126.610000,117.390000,114.470000,113.590000,109.200000,95.970000,90.160000,93.390000,95.140000,88.770000,82.400000,74.460000,68.570000,92.950000,82.480000,92.030000,85.130000,76.290000,84.680000,103.440000,101.050000,98.450000,100.680000,101.380000,100.810000,91.560000,84.580000,85.700000,69.740000,71.310000,71.840000,72.770000,54.830000
47.870000,20.010000,-5.040000,-4.990000,8.190000,-8.420000,7.500000,-10.620000,-11.420000,-4.870000,19.190000,69.080000,70.890000,77.640000,59.900000,101.620000,102.950000,113.490000,107.710000,107.130000,98.560000,100.740000,105.420000,111.260000,112.770000,114.760000,117.500000,118.060000,118.900000,121.940000,121.770000,121.440000,126.830000,131.000000,138.850000,142.320000,142.720000,143.940000,123.660000,117.310000,121.590000,117.600000,124.050000,125.330000,121.920000,108.420000,87.330000,82.810000
74.160000,98.850000,92.860000,94.450000,100.170000,98.810000,105.430000,104.240000,132.180000,105.520000,118.720000,94.800000,107.150000,122.640000,111.520000,137.450000,126.150000,125.290000,120.780000,110.450000,107.350000,97.620000,100.430000,100.430000,91.130000,85.370000,93.040000,83.390000,95.240000,89.090000,107.770000,109.020000,119.350000,122.070000,138.580000,128.890000,159.080000,160.950000,129.580000,122.780000,120.310000,119.320000,121.610000,117.720000,117.550000,114.220000,86.200000,104.080000
98.280000,96.510000,95.770000,97.980000,100.420000,97.920000,102.570000,90.430000,103.780000,104.080000,112.270000,106.740000,102.470000,133.490000,117.780000,132.120000,139.170000,124.240000,128.620000,131.860000,128.650000,121.330000,104.690000,75.460000,69.970000,65.450000,44.370000,41.170000,42.210000,45.030000,67.830000,69.800000,66.850000,79.940000,72.380000,62.970000,97.940000,108.500000,80.930000,54.820000,62.140000,37.800000,26.200000,4.940000,25.780000,9.240000,14.470000,-7.110000
13.580000,6.580000,1.440000,0.360000,2.020000,-2.460000,-5.970000,-3.090000,-3.460000,-4.530000,-4.630000,-1.690000,-17.580000,-2.210000,3.900000,10.820000,-4.460000,14.880000,39.940000,24.840000,29.820000,8.320000,35.170000,37.930000,10.280000,8.180000,-0.230000,0.130000,33.860000,27.310000,56.830000,81.950000,70.800000,85.700000,77.830000,122.700000,132.220000,139.500000,144.080000,111.230000,99.400000,65.760000,54.380000,49.260000,98.180000,81.650000,37.070000,18.770000
12.120000,5.280000,5.960000,6.330000,6.650000,3.400000,2.880000,3.130000,3.480000,4.110000,-0.530000,5.050000,11.730000,21.360000,23.090000,34.640000,34.760000,102.810000,117.140000,104.090000,84.100000,73.560000,46.290000,36.800000,36.070000,33.400000,27.030000,37.770000,50.450000,65.870000,85.850000,115.320000,118.100000,120.600000,140.400000,159.510000,168.120000,181.780000,207.220000,202.610000,188.470000,158.690000,141.080000,127.970000,131.990000,99.170000,110.820000,102.930000
109.540000,118.040000,100.740000,111.580000,117.350000,111.100000,107.540000,106.540000,109.280000,78.590000,94.910000,91.670000,107.820000,124.360000,134.140000,161.460000,142.600000,146.850000,153.940000,149.240000,145.060000,128.700000,102.560000,116.240000,114.460000,111.180000,105.790000,104.740000,108.330000,110.510000,139.510000,138.140000,137.050000,152.730000,161.740000,179.940000,185.290000,162.690000,132.390000,114.630000,119.710000,98.650000,112.370000,90.830000,94.220000,91.950000,85.700000,107.880000
120.600000,98.190000,93.760000,100.430000,97.670000,92.940000,97.340000,91.830000,90.840000,86.690000,99.050000,79.060000,90.580000,112.560000,126.770000,146.480000,122.530000,116.850000,104.160000,100.840000,109.370000,98.730000,75.750000,73.890000,65.520000,54.470000,45.440000,38.530000,34.740000,35.580000,50.410000,59.890000,70.510000,88.510000,92.630000,101.060000,114.150000,115.940000,103.070000,99.200000,94.820000,90.780000,84.690000,68.790000,74.230000,48.690000,55.530000,48.540000
51.230000,43.190000,40.290000,37.930000,50.160000,34.580000,27.450000,23.690000,8.380000,31.730000,53.620000,81.740000,51.250000,94.420000,84.060000,123.450000,104.670000,110.210000,96.030000,82.310000,102.070000,91.020000,76.010000,73.180000,53.680000,54.620000,70.010000,69.220000,78.570000,86.630000,86.250000,103.520000,106.660000,118.180000,111.270000,123.590000,121.170000,125.070000,120.700000,113.450000,107.870000,73.040000,107.280000,52.170000,84.550000,49.160000,78.850000,36.340000
40.170000,21.400000,2.450000,29.970000,24.780000,10.460000,24.210000,31.790000,33.860000,45.490000,79.880000,84.270000,72.010000,95.810000,94.320000,104.570000,106.840000,118.100000,98.330000,94.720000,108.380000,109.150000,93.950000,88.200000,104.540000,104.690000,105.070000,104.670000,110.430000,104.650000,100.380000,109.640000,100.170000,110.430000,124.380000,128.130000,126.260000,130.880000,130.260000,127.840000,125.590000,120.770000,103.570000,106.410000,89.970000,86.310000,75.610000,41.480000
64.340000,16.140000,0.040000,0.330000,33.670000,14.950000,31.080000,15.440000,38.260000,33.720000,71.600000,80.300000,81.980000,96.880000,83.810000,119.700000,112.190000,117.380000,115.060000,108.250000,106.760000,108.640000,94.810000,89.470000,97.050000,99.730000,93.930000,88.090000,90.570000,83.260000,82.430000,86.360000,89.890000,93.070000,106.660000,112.010000,120.290000,118.250000,112.490000,87.060000,93.060000,91.970000,94.980000,79.080000,74.020000,77.280000,55.190000,47.840000
65.860000,72.120000,66.720000,68.310000,57.560000,32.160000,25.150000,16.860000,30.760000,37.490000,36.410000,51.460000,35.590000,47.380000,45.640000,85.090000,109.930000,110.740000,118.080000,120.300000,120.640000,119.170000,120.160000,120.330000,121.270000,119.290000,100.570000,92.370000,92.230000,97.990000,98.040000,103.010000,100.010000,104.940000,113.530000,123.140000,135.030000,134.760000,134.850000,127.460000,120.580000,110.460000,110.510000,112.990000,105.810000,96.440000,112.460000,124.150000
116.330000,110.110000,105.540000,114.490000,109.810000,107.710000,103.800000,115.920000,113.410000,111.370000,109.010000,114.610000,119.490000,110.800000,115.790000,122.410000,131.980000,132.830000,138.980000,142.500000,142.160000,141.690000,137.890000,127.920000,127.300000,123.030000,109.410000,112.180000,113.520000,116.650000,124.210000,121.300000,137.930000,147.590000,150.090000,159.490000,160.720000,167.460000,154.280000,142.740000,138.930000,127.120000,118.220000,115.350000,117.140000,107.370000,99.610000,96.960000
91.960000,94.390000,100.810000,101.090000,96.520000,105.050000,103.670000,90.670000,105.950000,87.750000,103.420000,78.400000,109.440000,134.520000,139.170000,144.370000,132.360000,135.150000,128.040000,121.890000,124.990000,111.780000,113.260000,109.670000,123.880000,121.510000,124.470000,114.710000,125.070000,125.270000,130.350000,132.150000,139.550000,141.340000,140.480000,144.220000,147.060000,143.390000,119.030000,108.730000,125.630000,125.270000,108.200000,116.440000,116.970000,109.050000,93.110000,95.360000
93.930000,84.090000,103.820000,102.020000,103.600000,110.640000,100.070000,93.220000,96.480000,94.310000,108.250000,109.600000,104.020000,112.330000,126.980000,143.500000,135.920000,141.630000,139.840000,139.840000,132.290000,123.380000,129.520000,126.390000,122.250000,123.980000,123.130000,119.690000,117.750000,115.890000,109.440000,116.140000,125.610000,129.990000,133.430000,138.470000,139.150000,135.440000,129.830000,123.720000,117.380000,115.500000,117.670000,112.540000,105.900000,99.690000,114.460000,112.010000
106.380000,95.890000,105.040000,100.120000,100.310000,99.540000,101.930000,100.530000,104.110000,100.410000,99.280000,106.270000,114.520000,111.300000,125.590000,138.030000,137.430000,138.510000,137.390000,136.440000,137.000000,135.190000,135.800000,132.610000,127.300000,117.340000,113.830000,101.560000,102.100000,99.590000,103.540000,111.750000,105.510000,121.970000,124.190000,132.710000,129.500000,129.270000,127.590000,122.330000,123.860000,108.990000,111.130000,104.810000,108.770000,99.800000,93.370000,90.180000
95.390000,91.430000,88.900000,95.180000,95.310000,89.740000,97.180000,88.390000,89.790000,94.090000,108.100000,88.850000,90.270000,87.480000,93.610000,103.060000,113.140000,116.150000,109.700000,105.250000,106.490000,101.080000,93.610000,89.410000,91.780000,96.080000,96.140000,96.060000,92.040000,89.980000,90.160000,88.970000,92.280000,97.840000,123.220000,127.340000,123.840000,126.690000,114.500000,114.530000,117.970000,110.960000,102.740000,101.120000,98.200000,97.820000,104.340000,99.120000
97.730000,89.440000,90.470000,98.630000,103.140000,108.430000,111.220000,109.520000,109.900000,101.460000,118.890000,109.110000,117.460000,105.650000,121.030000,136.190000,133.670000,134.510000,144.440000,144.040000,140.740000,129.140000,94.280000,98.590000,110.400000,109.150000,101.760000,101.040000,99.690000,102.740000,108.050000,103.180000,102.360000,119.640000,130.170000,131.110000,133.550000,135.570000,118.550000,113.100000,118.950000,114.800000,108.770000,105.960000,101.730000,102.900000,108.120000,98.420000
86.840000,89.490000,102.700000,98.190000,71.730000,68.200000,71.150000,63.780000,68.780000,73.220000,74.510000,85.190000,90.520000,95.250000,98.320000,114.580000,114.420000,124.890000,128.990000,128.310000,126.720000,126.440000,119.980000,119.880000,122.120000,122.950000,125.230000,125.670000,124.870000,123.910000,129.390000,131.840000,132.280000,134.190000,139.110000,141.480000,142.380000,140.110000,117.620000,105.380000,106.430000,99.440000,95.010000,89.500000,91.430000,46.350000,57.190000,37.860000
-17.340000,-7.970000,6.120000,-5.230000,4.650000,2.410000,24.610000,52.910000,41.660000,42.930000,69.770000,74.610000,107.650000,113.290000,101.260000,116.640000,97.220000,99.160000,95.690000,99.870000,106.490000,103.970000,114.360000,112.800000,115.790000,114.910000,125.060000,122.420000,134.460000,127.110000,142.830000,154.090000,153.620000,164.180000,160.410000,157.020000,155.060000,138.690000,115.730000,108.600000,99.820000,104.770000,107.820000,97.710000,90.990000,94.150000,72.840000,81.080000
74.660000,83.940000,86.520000,77.880000,75.710000,78.530000,68.170000,65.830000,66.640000,66.010000,85.010000,84.320000,97.560000,103.800000,107.390000,119.940000,90.300000,98.550000,104.900000,91.470000,85.970000,89.860000,84.940000,83.810000,85.860000,96.190000,94.070000,87.730000,92.210000,98.370000,95.400000,100.210000,109.640000,122.700000,119.830000,110.340000,102.030000,95.000000,85.940000,93.670000,95.800000,88.970000,101.950000,108.900000,108.970000,104.160000,106.660000,100.550000
87.820000,92.170000,96.300000,86.940000,85.020000,63.880000,76.920000,70.640000,69.920000,49.850000,54.670000,54.070000,62.090000,98.010000,61.440000,90.370000,89.940000,84.420000,78.660000,82.040000,67.370000,59.690000,50.840000,58.540000,78.400000,76.020000,76.370000,75.720000,79.040000,76.150000,55.420000,46.100000,52.850000,70.740000,81.790000,93.930000,87.510000,80.140000,89.030000,85.600000,78.280000,80.780000,93.050000,91.750000,77.340000,40.030000,20.440000,25.910000
58.920000,58.180000,70.830000,47.340000,47.800000,25.210000,16.320000,2.630000,12.800000,7.810000,3.830000,29.070000,48.820000,75.940000,98.700000,104.170000,111.530000,107.610000,106.290000,105.910000,102.960000,103.410000,91.490000,98.200000,107.950000,111.560000,100.360000,99.390000,99.130000,98.500000,94.020000,95.110000,95.710000,95.070000,95.560000,98.680000,99.450000,90.300000,105.530000,106.400000,98.400000,99.430000,86.990000,74.680000,61.910000,14.210000,24.600000,5.840000
2.920000,1.970000,2.800000,1.180000,4.530000,2.620000,43.210000,22.960000,14.440000,15.610000,87.950000,86.200000,93.560000,99.670000,97.140000,111.400000,99.500000,104.200000,108.230000,110.200000,96.420000,85.990000,97.730000,104.780000,101.150000,100.780000,99.340000,98.880000,103.580000,102.600000,112.740000,109.970000,107.840000,121.850000,117.350000,119.200000,120.340000,122.030000,97.710000,99.130000,105.900000,105.840000,95.970000,90.310000,85.880000,81.730000,85.660000,78.580000
69.500000,89.360000,98.310000,90.000000,84.160000,84.810000,97.010000,90.270000,84.920000,94.140000,92.410000,81.200000,82.860000,106.570000,128.020000,117.480000,114.340000,118.700000,122.480000,121.390000,119.200000,116.090000,107.790000,111.790000,116.840000,114.340000,105.950000,100.540000,100.370000,97.820000,90.570000,90.150000,95.030000,112.060000,121.980000,123.980000,117.330000,110.670000,111.730000,117.430000,113.470000,113.290000,106.710000,96.550000,87.980000,94.380000,93.060000,92.350000
93.450000,101.140000,93.360000,89.470000,92.980000,90.540000,98.410000,100.550000,99.590000,94.620000,82.640000,88.240000,78.470000,81.000000,74.150000,60.610000,81.110000,87.310000,99.950000,99.660000,96.850000,92.070000,104.420000,100.640000,101.870000,94.850000,101.910000,106.040000,112.450000,115.870000,130.050000,127.870000,124.380000,137.390000,141.490000,136.330000,132.160000,130.360000,125.400000,110.500000,108.110000,93.590000,83.230000,88.900000,87.610000,80.230000,103.630000,84.370000
80.620000,76.620000,63.000000,59.830000,37.460000,42.920000,49.250000,43.950000,42.270000,41.140000,68.010000,64.410000,81.050000,85.880000,111.320000,122.080000,103.280000,104.340000,92.600000,83.030000,82.730000,81.070000,73.300000,69.920000,69.370000,69.960000,80.030000,72.910000,76.130000,72.220000,84.430000,98.190000,112.570000,123.800000,126.240000,129.680000,116.830000,109.050000,85.010000,82.220000,74.190000,77.730000,82.050000,90.370000,79.610000,72.330000,59.130000,54.600000
52.200000,54.790000,61.400000,55.640000,46.970000,46.800000,74.750000,66.800000,66.620000,61.250000,91.260000,74.790000,102.490000,96.990000,101.680000,118.030000,96.600000,94.160000,78.240000,71.370000,80.920000,76.650000,74.430000,78.330000,74.700000,77.180000,90.290000,88.380000,97.680000,92.750000,103.340000,102.890000,99.560000,129.240000,130.820000,126.330000,120.160000,115.720000,91.620000,92.180000,106.290000,100.740000,89.920000,90.700000,87.400000,87.330000,99.390000,97.880000
86.690000,87.380000,79.420000,82.170000,97.000000,85.350000,87.130000,66.620000,81.020000,69.360000,92.680000,81.250000,95.730000,101.060000,78.330000,101.780000,75.120000,76.940000,55.280000,65.860000,76.380000,75.870000,77.180000,81.550000,72.900000,78.850000,77.630000,59.770000,83.270000,73.300000,89.530000,90.780000,97.700000,109.680000,110.560000,124.820000,118.530000,110.300000,114.060000,103.910000,100.480000,94.890000,91.540000,95.550000,95.150000,93.260000,101.300000,89.100000
83.950000,77.870000,79.440000,68.310000,83.380000,66.070000,61.190000,50.020000,52.670000,36.550000,71.370000,42.730000,86.680000,101.510000,99.650000,106.130000,88.470000,91.330000,71.460000,68.400000,73.780000,80.960000,73.480000,74.500000,80.360000,74.050000,77.200000,73.410000,74.750000,77.210000,86.370000,110.760000,97.600000,106.130000,113.180000,120.780000,98.480000,97.970000,100.300000,102.490000,95.170000,92.680000,100.130000,89.360000,86.260000,86.570000,94.640000,90.510000
70.280000,78.040000,61.340000,59.650000,64.060000,60.430000,51.730000,52.240000,52.000000,59.310000,69.300000,66.400000,87.930000,82.330000,81.420000,106.480000,117.150000,118.440000,120.750000,117.070000,117.170000,116.220000,108.470000,103.830000,105.200000,100.170000,99.220000,91.530000,101.400000,92.620000,92.550000,95.470000,89.710000,99.310000,104.580000,103.060000,100.610000,95.420000,86.420000,82.700000,85.220000,91.980000,92.240000,83.810000,74.810000,80.770000,70.100000,67.910000
78.240000,86.210000,96.150000,88.390000,74.430000,76.100000,74.040000,74.490000,72.850000,73.280000,73.650000,71.070000,71.820000,71.670000,72.980000,74.310000,73.610000,80.440000,76.420000,85.990000,91.330000,85.720000,91.910000,96.670000,101.000000,96.210000,86.790000,82.100000,101.500000,96.050000,107.200000,100.710000,108.440000,110.930000,106.750000,104.230000,98.200000,91.010000,89.360000,94.230000,96.650000,83.740000,80.870000,84.060000,85.940000,90.790000,79.950000,68.210000
88.100000,87.840000,81.080000,75.100000,85.940000,74.830000,89.130000,80.480000,100.970000,81.770000,84.920000,69.190000,78.480000,61.810000,71.500000,66.920000,54.030000,65.940000,73.860000,70.830000,70.230000,70.650000,63.680000,73.940000,67.660000,78.930000,88.000000,88.760000,84.090000,85.000000,82.540000,79.830000,71.400000,86.350000,76.650000,84.380000,79.340000,76.440000,84.990000,83.040000,83.780000,88.810000,84.910000,72.820000,65.890000,51.480000,73.890000,57.380000
59.150000,64.190000,65.080000,51.820000,42.760000,39.560000,25.220000,18.560000,17.900000,20.270000,35.470000,41.140000,52.730000,74.200000,75.230000,79.670000,88.890000,95.830000,93.980000,97.850000,98.790000,100.500000,107.460000,107.380000,106.910000,107.110000,104.230000,91.240000,98.750000,88.920000,84.010000,86.460000,90.950000,109.380000,112.350000,103.170000,100.070000,91.430000,90.460000,86.310000,88.410000,87.830000,87.210000,86.330000,112.190000,90.240000,71.610000,65.670000
70.550000,69.370000,82.150000,72.060000,75.690000,67.020000,65.730000,62.640000,59.720000,46.430000,60.220000,64.980000,97.290000,95.240000,102.610000,105.330000,103.170000,105.450000,98.520000,94.800000,99.180000,96.540000,87.950000,88.110000,97.970000,99.440000,100.860000,102.320000,108.490000,94.450000,103.280000,111.830000,108.430000,121.880000,116.750000,120.700000,121.110000,125.450000,124.850000,125.780000,124.280000,123.820000,111.890000,104.530000,98.720000,90.230000,79.770000,83.100000
84.380000,89.910000,93.200000,84.170000,82.000000,83.820000,86.130000,84.850000,94.340000,84.480000,96.530000,99.270000,101.000000,116.110000,110.590000,133.920000,129.270000,136.190000,144.480000,147.420000,142.020000,142.020000,149.140000,141.210000,139.150000,134.780000,137.570000,135.900000,133.010000,134.210000,136.250000,143.660000,134.100000,144.270000,149.440000,149.750000,138.730000,132.480000,129.480000,123.440000,125.310000,106.670000,103.540000,95.970000,92.980000,91.380000,100.510000,84.680000
93.740000,90.240000,83.530000,78.970000,79.020000,79.400000,80.490000,78.850000,81.840000,80.220000,92.740000,84.980000,92.290000,113.330000,89.130000,127.320000,107.950000,108.370000,101.210000,96.950000,99.330000,94.380000,87.290000,88.230000,90.930000,95.010000,91.540000,92.540000,100.020000,109.160000,118.280000,122.760000,117.450000,129.260000,142.150000,131.530000,130.350000,116.440000,112.390000,98.110000,104.530000,91.500000,99.460000,91.240000,94.840000,100.090000,86.560000,99.490000
86.060000,84.140000,68.110000,60.280000,68.490000,59.810000,81.210000,60.450000,77.730000,53.960000,53.450000,48.530000,55.150000,76.600000,77.100000,97.230000,78.090000,99.470000,87.250000,97.310000,98.670000,105.690000,109.110000,99.170000,96.270000,95.560000,99.710000,101.610000,95.460000,81.830000,79.430000,78.870000,86.020000,110.240000,117.560000,116.360000,108.020000,100.750000,98.810000,98.220000,94.820000,99.010000,88.770000,37.000000,43.720000,16.830000,19.090000,3.280000
-1.030000,0.360000,9.320000,-3.690000,-4.770000,-3.070000,-4.240000,-1.170000,-10.940000,-12.930000,-12.120000,-11.560000,-12.940000,-6.700000,5.950000,19.480000,-8.290000,59.640000,84.020000,99.550000,94.340000,88.070000,97.100000,92.070000,95.440000,101.020000,107.980000,107.730000,106.300000,103.530000,98.140000,91.280000,102.920000,124.590000,131.180000,131.710000,128.050000,114.990000,106.460000,95.260000,92.430000,86.460000,90.310000,90.840000,87.840000,72.930000,69.670000,62.460000
67.010000,71.940000,58.100000,66.560000,73.580000,70.480000,74.890000,69.180000,80.660000,81.390000,92.110000,81.890000,98.560000,88.990000,110.030000,114.470000,107.760000,109.170000,99.740000,95.960000,91.760000,90.010000,90.530000,87.610000,94.220000,90.180000,94.020000,94.050000,96.810000,97.340000,115.570000,124.630000,121.530000,131.280000,131.450000,121.450000,119.990000,114.260000,105.540000,105.850000,105.290000,90.330000,92.570000,89.690000,92.610000,90.890000,81.530000,68.780000
80.150000,92.440000,84.190000,79.450000,80.610000,82.640000,74.610000,68.800000,74.030000,73.080000,97.340000,86.480000,109.720000,92.580000,90.530000,118.060000,107.670000,107.030000,93.170000,90.310000,91.000000,92.490000,102.470000,91.940000,91.010000,96.390000,93.010000,91.600000,91.770000,96.210000,102.140000,117.880000,111.110000,117.380000,110.830000,107.050000,112.610000,111.160000,107.480000,106.540000,102.270000,100.420000,95.790000,91.090000,94.320000,94.150000,90.520000,94.240000
68.730000,73.040000,100.700000,83.090000,81.660000,76.380000,70.020000,63.460000,59.390000,59.070000,80.650000,66.880000,71.770000,87.470000,101.220000,110.670000,107.100000,100.320000,94.100000,90.400000,93.730000,101.840000,94.770000,87.550000,95.340000,89.890000,92.940000,91.530000,85.880000,86.330000,96.320000,105.660000,97.760000,110.260000,103.270000,105.620000,108.270000,108.690000,94.090000,102.400000,96.560000,99.040000,90.480000,59.260000,77.670000,59.940000,63.580000,36.620000
29.390000,30.190000,23.380000,17.120000,24.190000,22.810000,49.490000,57.720000,39.500000,37.560000,43.250000,57.870000,83.910000,106.150000,116.070000,123.340000,117.930000,118.040000,107.240000,102.180000,100.350000,87.800000,61.660000,51.170000,50.770000,39.940000,63.410000,62.090000,63.620000,70.020000,91.040000,96.290000,108.140000,122.330000,117.980000,117.780000,116.250000,112.670000,96.000000,83.350000,72.290000,61.250000,50.420000,23.770000,40.030000,17.840000,24.920000,-9.700000
0.530000,36.460000,6.110000,-7.290000,-2.500000,-14.590000,-2.660000,-9.240000,-1.560000,-1.840000,11.150000,66.700000,54.620000,95.140000,96.650000,109.070000,106.020000,109.580000,110.840000,105.870000,102.160000,99.130000,91.360000,98.980000,105.890000,97.400000,89.980000,88.910000,86.230000,84.460000,95.880000,116.600000,114.050000,123.600000,136.470000,137.320000,136.980000,135.160000,129.260000,126.210000,131.120000,123.770000,123.510000,120.680000,112.110000,111.710000,84.850000,76.830000
88.590000,84.870000,73.320000,84.120000,76.890000,65.990000,75.540000,74.100000,73.570000,71.730000,64.930000,65.010000,75.100000,71.920000,65.540000,76.420000,90.530000,90.870000,94.040000,87.250000,86.730000,85.710000,78.480000,79.960000,80.760000,87.670000,80.170000,90.510000,90.510000,83.690000,105.310000,113.950000,114.990000,126.760000,146.960000,142.640000,136.970000,137.960000,114.440000,107.600000,102.980000,99.470000,105.330000,106.260000,99.820000,107.080000,99.520000,93.460000
93.270000,97.910000,89.560000,89.180000,89.060000,87.130000,96.670000,97.950000,100.190000,87.900000,96.160000,95.350000,97.200000,93.320000,95.790000,90.190000,90.240000,111.380000,99.450000,109.180000,109.000000,105.260000,107.700000,109.760000,112.250000,110.730000,111.760000,103.870000,109.620000,108.450000,108.650000,121.970000,134.380000,142.610000,137.180000,136.060000,136.330000,124.270000,117.410000,104.480000,104.310000,101.850000,100.880000,100.020000,95.090000,99.260000,101.110000,101.370000
105.910000,108.530000,101.290000,101.740000,101.010000,104.560000,115.940000,106.040000,100.420000,95.140000,123.830000,99.810000,110.120000,111.480000,110.920000,123.340000,110.700000,113.650000,122.370000,120.330000,114.010000,114.930000,112.300000,106.250000,103.300000,104.500000,105.990000,101.740000,104.450000,100.540000,91.160000,93.440000,92.710000,104.190000,95.470000,93.440000,99.890000,100.220000,97.940000,105.140000,99.340000,95.910000,97.880000,96.290000,95.960000,91.120000,85.730000,79.950000
80.620000,91.120000,81.840000,77.530000,77.120000,79.780000,95.120000,93.100000,100.860000,94.100000,95.970000,103.090000,131.080000,102.590000,121.160000,141.460000,127.880000,133.110000,146.240000,145.170000,148.330000,140.440000,137.790000,134.030000,134.630000,127.460000,133.620000,134.010000,138.480000,138.410000,142.630000,146.800000,141.520000,150.380000,139.300000,137.480000,127.610000,121.110000,108.000000,108.180000,102.200000,93.080000,90.710000,85.440000,86.770000,83.500000,83.310000,85.450000
80.430000,90.270000,74.960000,74.850000,75.650000,77.370000,83.360000,83.450000,91.330000,90.410000,100.770000,93.980000,97.320000,97.110000,123.680000,137.690000,134.510000,142.220000,138.670000,133.970000,127.060000,125.460000,136.190000,130.570000,124.690000,123.690000,135.560000,134.000000,134.200000,136.720000,161.710000,184.960000,190.390000,195.730000,192.310000,191.770000,158.560000,145.410000,117.590000,113.340000,120.170000,101.140000,107.370000,93.570000,90.530000,83.880000,75.550000,83.170000
81.230000,84.280000,82.470000,85.660000,85.540000,79.670000,80.210000,77.620000,81.890000,76.910000,81.600000,86.610000,86.250000,107.860000,116.810000,144.820000,141.090000,146.660000,168.820000,163.910000,169.500000,163.850000,151.090000,150.260000,149.630000,152.070000,154.440000,150.140000,147.250000,151.430000,141.580000,149.780000,154.880000,157.500000,149.810000,162.110000,144.810000,139.730000,131.820000,120.260000,116.000000,101.530000,111.470000,96.020000,94.390000,89.110000,104.780000,98.150000
101.490000,106.350000,88.700000,93.270000,86.620000,86.500000,92.720000,87.010000,93.000000,89.380000,97.040000,97.690000,90.650000,112.460000,120.590000,154.140000,149.740000,154.980000,158.290000,159.560000,149.770000,151.870000,150.620000,154.660000,148.920000,145.420000,147.080000,147.370000,139.670000,142.110000,145.750000,147.420000,155.240000,166.160000,149.000000,146.950000,154.260000,147.230000,140.770000,129.120000,126.000000,103.360000,106.160000,94.400000,108.780000,91.640000,99.910000,86.880000
86.910000,86.960000,99.370000,91.830000,90.580000,87.830000,91.580000,108.560000,96.500000,96.350000,100.940000,90.550000,102.330000,111.810000,111.060000,125.300000,120.180000,141.790000,131.970000,135.180000,132.960000,130.540000,144.670000,136.870000,138.530000,142.020000,136.040000,128.330000,125.680000,128.480000,135.800000,143.120000,145.750000,151.700000,143.770000,144.580000,153.650000,143.960000,134.030000,115.130000,140.750000,99.840000,103.630000,119.090000,107.880000,100.760000,99.540000,112.940000
116.740000,127.660000,110.260000,101.420000,100.810000,97.100000,94.200000,88.510000,86.400000,84.200000,86.940000,82.880000,86.660000,82.900000,84.660000,86.220000,88.270000,89.610000,93.950000,103.840000,94.580000,95.470000,91.970000,92.700000,92.630000,97.310000,96.580000,92.040000,86.360000,87.490000,85.520000,99.280000,105.610000,114.320000,111.660000,105.820000,109.370000,99.620000,95.900000,92.390000,91.900000,90.800000,90.400000,86.540000,84.290000,85.610000,81.390000,97.340000
104.890000,101.900000,90.810000,83.040000,85.890000,77.700000,91.680000,69.450000,73.780000,71.060000,80.330000,79.530000,91.430000,79.350000,95.300000,95.720000,94.000000,104.890000,94.950000,97.370000,103.930000,105.510000,104.980000,109.060000,115.080000,113.070000,108.540000,108.770000,105.170000,106.680000,102.880000,104.210000,99.430000,106.160000,103.330000,101.970000,105.180000,97.740000,92.580000,90.680000,92.770000,88.850000,81.190000,83.840000,78.940000,75.760000,49.980000,64.880000
64.820000,69.230000,79.680000,69.920000,69.770000,66.790000,64.620000,63.620000,80.250000,81.120000,86.720000,89.630000,105.260000,85.650000,90.810000,115.390000,98.820000,110.830000,105.680000,109.100000,110.420000,112.160000,97.290000,109.050000,108.120000,103.460000,103.910000,103.770000,104.420000,107.670000,106.730000,119.930000,120.480000,121.040000,123.380000,124.470000,123.800000,122.840000,114.750000,105.670000,113.240000,107.120000,111.550000,90.130000,90.940000,88.850000,94.240000,80.730000
80.420000,73.680000,68.740000,74.520000,81.660000,71.800000,77.700000,81.610000,93.270000,80.570000,86.950000,81.620000,94.400000,118.740000,127.550000,135.180000,137.520000,143.000000,124.860000,118.420000,125.110000,118.540000,110.550000,112.230000,125.250000,120.320000,121.860000,120.650000,129.710000,125.410000,155.990000,155.750000,170.250000,173.140000,175.330000,176.530000,173.580000,162.380000,129.220000,125.230000,126.030000,121.240000,111.560000,104.510000,97.720000,96.840000,68.160000,93.550000
93.300000,97.570000,99.140000,90.080000,97.820000,86.020000,88.530000,76.610000,89.660000,83.230000,89.050000,88.770000,94.090000,89.000000,70.660000,75.770000,92.660000,95.480000,90.270000,91.280000,90.700000,97.830000,110.740000,112.400000,97.270000,98.310000,98.400000,95.100000,103.080000,101.950000,105.740000,104.490000,106.140000,108.610000,105.270000,102.100000,101.690000,97.340000,77.930000,84.200000,86.640000,89.010000,91.720000,92.880000,88.010000,80.850000,49.670000,62.340000
79.020000,88.300000,69.140000,69.940000,80.660000,80.520000,72.830000,63.760000,68.600000,77.500000,96.130000,56.000000,91.850000,102.020000,110.850000,115.460000,108.180000,110.270000,108.290000,107.620000,105.890000,98.270000,105.120000,93.590000,88.070000,82.320000,78.090000,73.910000,72.790000,69.490000,71.490000,78.070000,75.150000,77.090000,76.300000,78.410000,76.810000,74.530000,76.190000,78.820000,82.850000,83.440000,79.080000,79.290000,78.070000,74.680000,61.440000,50.920000
51.810000,65.770000,64.430000,64.960000,53.240000,49.680000,50.850000,47.390000,49.630000,47.970000,45.650000,37.140000,55.760000,61.010000,36.100000,51.490000,44.150000,72.450000,60.590000,56.900000,61.400000,63.200000,66.270000,63.140000,60.760000,64.600000,66.330000,61.650000,57.250000,66.280000,58.660000,66.510000,70.390000,82.060000,73.000000,70.370000,69.670000,63.980000,60.940000,63.270000,63.790000,56.020000,60.930000,65.810000,48.300000,43.660000,49.490000,31.080000
45.210000,59.960000,67.700000,69.400000,69.100000,64.000000,62.400000,54.220000,53.960000,61.830000,59.780000,71.690000,73.900000,76.890000,78.350000,79.730000,68.760000,83.860000,84.730000,77.480000,71.610000,65.670000,76.170000,75.950000,78.090000,71.640000,81.580000,78.070000,64.470000,63.740000,66.600000,68.110000,72.750000,91.750000,93.180000,88.170000,82.870000,81.550000,87.620000,82.260000,87.940000,80.250000,73.630000,72.160000,73.460000,67.140000,60.770000,46.750000
40.890000,44.190000,34.730000,33.690000,44.170000,59.120000,47.350000,43.170000,41.470000,35.690000,57.410000,55.950000,80.700000,68.760000,94.890000,107.730000,100.870000,102.110000,99.520000,97.600000,99.180000,87.960000,73.130000,74.270000,79.320000,86.380000,84.600000,82.160000,82.350000,79.670000,95.310000,104.430000,100.710000,111.960000,105.790000,103.120000,107.540000,102.200000,91.930000,87.020000,90.170000,77.930000,86.800000,78.810000,78.610000,77.700000,70.790000,70.660000
72.400000,79.610000,77.090000,66.920000,66.170000,63.990000,62.700000,58.940000,62.780000,61.500000,67.990000,73.570000,96.220000,73.220000,79.240000,90.880000,77.280000,67.880000,72.070000,75.590000,81.250000,79.720000,77.320000,80.940000,85.370000,90.670000,86.410000,88.260000,92.190000,86.250000,92.180000,91.260000,88.800000,86.550000,82.180000,81.740000,81.880000,87.540000,88.150000,90.660000,83.670000,85.220000,81.070000,74.830000,82.790000,66.210000,66.960000,66.570000
68.760000,70.370000,68.070000,69.600000,72.330000,63.820000,64.340000,67.660000,69.650000,72.930000,84.660000,87.210000,95.230000,86.390000,104.380000,107.040000,102.310000,105.800000,108.800000,106.010000,98.090000,96.200000,85.040000,79.800000,79.600000,77.840000,83.890000,79.850000,86.920000,96.360000,94.750000,98.810000,99.190000,100.950000,97.330000,95.300000,95.110000,94.410000,88.160000,83.760000,82.060000,80.690000,76.320000,82.210000,78.580000,72.250000,62.340000,69.290000
63.140000,66.340000,67.570000,66.110000,64.520000,64.020000,66.070000,63.320000,63.360000,63.480000,76.990000,67.880000,72.700000,71.110000,77.120000,90.740000,80.560000,79.350000,69.510000,68.040000,85.720000,87.010000,86.120000,81.710000,80.580000,78.190000,85.730000,85.910000,80.930000,76.040000,73.910000,76.370000,76.370000,79.080000,75.280000,71.730000,77.330000,74.700000,64.090000,65.550000,64.520000,65.420000,67.440000,64.710000,64.220000,60.680000,68.210000,46.060000
59.070000,62.730000,60.680000,51.720000,52.930000,51.510000,63.550000,51.670000,51.480000,45.890000,30.940000,28.870000,48.880000,56.020000,40.240000,64.920000,54.240000,65.790000,51.450000,54.030000,57.020000,64.140000,51.820000,45.920000,52.800000,49.660000,43.320000,44.320000,48.970000,45.680000,49.660000,53.650000,63.380000,74.140000,68.370000,71.450000,74.870000,67.550000,61.720000,54.110000,65.850000,58.870000,65.550000,48.900000,59.530000,46.540000,61.660000,42.020000
32.290000,48.340000,60.700000,46.320000,55.380000,32.950000,30.530000,23.310000,31.580000,19.400000,31.530000,30.060000,37.240000,43.830000,45.070000,52.490000,39.650000,54.740000,56.790000,62.690000,44.230000,42.400000,30.510000,29.470000,33.980000,43.540000,42.260000,38.750000,44.180000,49.850000,66.290000,69.920000,79.840000,85.130000,87.720000,87.700000,88.660000,82.060000,70.030000,69.040000,73.500000,72.750000,73.560000,71.180000,73.960000,64.470000,54.490000,52.840000
43.350000,56.890000,64.100000,56.390000,45.060000,42.930000,49.520000,43.200000,50.930000,45.050000,56.100000,32.210000,75.420000,79.070000,77.690000,83.200000,77.870000,82.370000,77.970000,79.150000,68.320000,69.300000,70.520000,59.290000,63.420000,67.720000,67.660000,62.670000,62.860000,61.510000,66.520000,72.970000,65.590000,75.900000,76.990000,76.720000,76.530000,78.360000,73.050000,70.620000,66.810000,72.170000,71.950000,71.690000,68.370000,64.870000,64.800000,48.210000
43.230000,56.050000,47.660000,49.200000,52.330000,48.270000,48.120000,44.820000,49.830000,45.440000,79.390000,65.220000,80.790000,81.870000,88.050000,92.890000,87.960000,91.180000,88.930000,88.830000,87.370000,89.170000,91.540000,91.680000,89.050000,82.330000,79.620000,75.510000,81.920000,76.160000,80.960000,82.440000,81.070000,84.060000,79.430000,76.440000,74.050000,72.870000,65.910000,60.970000,65.360000,70.720000,67.020000,53.660000,40.970000,16.700000,33.780000,22.550000
41.110000,39.860000,33.450000,27.660000,25.830000,30.700000,20.420000,14.730000,-14.740000,-19.030000,7.150000,10.150000,17.840000,58.310000,38.040000,77.160000,63.020000,67.850000,56.210000,50.900000,53.290000,54.510000,50.940000,55.570000,56.790000,49.940000,47.300000,44.940000,54.780000,57.990000,57.540000,66.110000,67.940000,66.220000,60.870000,59.960000,66.040000,60.600000,56.000000,53.550000,49.300000,35.750000,33.610000,27.960000,28.140000,15.830000,20.340000,4.160000
22.630000,40.250000,40.060000,25.320000,19.200000,12.720000,-1.590000,12.120000,26.750000,21.710000,47.250000,54.880000,44.510000,64.080000,43.710000,54.070000,61.150000,62.500000,61.010000,54.990000,52.750000,46.080000,43.650000,45.540000,46.760000,38.560000,43.290000,40.380000,46.480000,43.200000,41.760000,58.900000,68.280000,76.360000,78.870000,77.590000,55.620000,45.700000,47.090000,37.430000,39.160000,27.350000,20.000000,15.360000,27.160000,12.360000,5.410000,-0.560000
14.700000,40.340000,8.530000,11.460000,20.580000,5.790000,-4.550000,-6.200000,-3.010000,-4.550000,18.050000,14.190000,12.620000,28.290000,8.600000,33.840000,40.810000,53.340000,56.370000,55.890000,52.420000,54.610000,50.400000,53.920000,55.680000,53.130000,59.410000,63.720000,64.620000,72.130000,64.770000,65.710000,76.100000,78.450000,82.620000,85.130000,85.690000,84.700000,88.430000,88.800000,91.600000,94.030000,90.200000,84.510000,68.190000,62.790000,46.090000,22.940000
6.320000,0.420000,7.870000,0.180000,-0.870000,-3.960000,-2.130000,-7.100000,-6.480000,5.080000,1.010000,-2.980000,3.980000,4.650000,13.720000,27.830000,25.570000,45.740000,52.010000,55.780000,50.010000,48.030000,60.860000,60.400000,53.590000,54.390000,65.300000,63.430000,67.290000,57.950000,50.680000,49.870000,55.090000,65.050000,55.870000,54.710000,54.700000,47.710000,29.190000,22.370000,33.080000,23.450000,18.190000,5.330000,23.240000,10.320000,-6.760000,14.210000
2.100000,23.930000,17.640000,-2.970000,-1.920000,0.630000,7.480000,-2.600000,-5.700000,-7.760000,-9.560000,-9.260000,-2.310000,5.700000,2.230000,8.070000,14.490000,29.440000,6.080000,3.720000,3.310000,0.680000,-21.680000,-3.830000,12.040000,11.240000,0.470000,0.100000,0.130000,3.710000,11.000000,28.370000,15.340000,33.130000,50.460000,45.350000,38.080000,25.810000,11.320000,-0.490000,-4.130000,-8.820000,-8.920000,-14.860000,2.900000,-12.990000,-10.050000,-18.280000
-17.170000,-2.290000,-18.020000,-19.160000,-18.550000,-12.140000,-17.270000,-17.990000,-17.650000,-17.600000,-13.750000,-9.810000,-9.890000,2.150000,15.270000,60.510000,70.340000,88.200000,98.040000,100.020000,97.910000,95.310000,96.650000,96.420000,97.660000,106.680000,111.570000,110.810000,109.020000,99.820000,86.010000,82.880000,78.700000,73.750000,47.750000,31.460000,27.060000,21.330000,2.140000,-0.270000,0.120000,-5.370000,-3.080000,-5.120000,-4.370000,-3.790000,-20.800000,-20.000000
-6.540000,-3.630000,-9.790000,-12.460000,-12.360000,-14.160000,-13.960000,-13.080000,-13.650000,-12.720000,-17.980000,-9.980000,-15.780000,-4.600000,9.120000,14.100000,11.860000,30.870000,51.580000,43.320000,41.680000,50.910000,57.110000,67.590000,73.400000,78.530000,81.250000,86.080000,92.660000,99.140000,118.710000,117.260000,120.180000,121.090000,117.020000,114.750000,112.550000,108.780000,100.430000,92.380000,84.900000,83.440000,87.230000,77.090000,78.290000,83.280000,79.540000,57.670000
46.800000,48.470000,51.270000,36.530000,53.320000,38.720000,42.990000,27.810000,31.010000,30.660000,44.100000,33.550000,36.000000,43.540000,36.350000,34.530000,24.490000,36.700000,35.060000,57.450000,56.610000,64.260000,45.440000,58.470000,61.810000,61.500000,66.450000,65.780000,65.480000,65.280000,72.620000,77.300000,69.770000,76.240000,52.190000,48.680000,58.780000,53.290000,19.090000,13.590000,31.990000,27.050000,27.020000,9.020000,9.220000,5.080000,-2.110000,-3.100000
-6.470000,1.080000,7.500000,6.250000,4.150000,4.810000,-2.550000,-5.900000,-6.390000,-8.510000,-4.850000,-7.370000,-5.740000,-3.560000,7.120000,10.270000,4.970000,18.120000,8.910000,8.990000,18.930000,31.520000,37.280000,35.920000,28.060000,38.920000,38.400000,39.050000,40.930000,38.080000,38.030000,37.590000,50.070000,67.120000,76.620000,78.990000,77.450000,71.490000,54.920000,24.210000,25.960000,21.120000,6.890000,-2.870000,0.850000,-7.380000,-10.780000,-8.130000
-4.310000,3.130000,4.410000,1.340000,-0.700000,-2.070000,1.650000,-2.710000,6.610000,-0.100000,5.860000,5.130000,4.030000,11.560000,41.660000,59.770000,83.870000,92.970000,91.680000,90.830000,88.380000,91.000000,82.240000,82.980000,83.180000,81.440000,80.650000,78.070000,78.100000,82.880000,89.770000,95.020000,97.140000,101.730000,107.210000,108.780000,104.920000,103.200000,94.940000,82.620000,80.790000,76.610000,82.930000,73.670000,81.450000,75.550000,56.260000,50.860000
47.670000,64.000000,56.450000,53.090000,57.420000,50.800000,42.150000,45.600000,48.220000,48.610000,48.890000,54.130000,57.700000,57.080000,66.710000,60.120000,55.000000,76.160000,92.460000,93.270000,88.660000,84.370000,77.680000,78.920000,73.080000,56.070000,51.950000,39.200000,57.850000,60.860000,66.610000,75.670000,71.490000,87.700000,92.750000,88.940000,90.060000,85.580000,81.170000,76.520000,73.410000,65.100000,71.110000,48.420000,43.000000,39.230000,12.150000,5.930000
-0.750000,3.970000,3.390000,-4.540000,-6.890000,-9.840000,-9.180000,-15.330000,-15.750000,-15.720000,-13.910000,-5.260000,-7.280000,9.710000,36.790000,46.140000,40.840000,52.620000,49.610000,50.370000,47.520000,53.980000,48.760000,59.650000,62.510000,59.250000,55.430000,60.590000,60.510000,50.810000,55.450000,70.010000,78.600000,85.590000,88.930000,88.160000,84.760000,75.900000,64.420000,61.190000,63.400000,62.260000,51.950000,47.940000,58.390000,44.070000,43.040000,26.960000
36.510000,45.170000,57.430000,46.610000,61.980000,61.090000,64.290000,51.700000,53.160000,34.870000,36.360000,34.980000,41.700000,55.330000,54.370000,56.240000,31.320000,51.550000,59.320000,72.250000,72.030000,82.010000,74.730000,81.930000,80.760000,77.510000,76.180000,77.480000,79.500000,81.150000,66.030000,61.930000,67.620000,68.130000,60.940000,59.600000,57.810000,56.010000,49.220000,36.770000,32.800000,26.770000,29.140000,22.320000,15.770000,14.320000,-13.730000,-20.160000
-16.930000,-11.090000,-7.610000,-10.940000,-15.390000,-11.550000,-1.740000,-10.460000,-8.680000,16.660000,11.710000,31.420000,33.620000,46.710000,50.870000,52.470000,50.410000,49.320000,56.370000,55.390000,56.680000,66.050000,65.330000,76.540000,80.930000,75.650000,76.970000,74.970000,77.050000,78.210000,66.800000,73.210000,73.760000,77.030000,69.800000,70.610000,67.700000,69.110000,76.070000,77.060000,80.640000,73.830000,63.500000,59.780000,59.710000,58.880000,78.770000,75.170000
71.160000,87.090000,82.240000,80.810000,84.720000,77.700000,84.630000,80.150000,66.990000,76.650000,66.690000,71.110000,56.590000,53.630000,51.610000,56.960000,57.310000,56.720000,75.170000,85.910000,89.330000,86.830000,97.100000,96.200000,93.560000,89.660000,85.620000,86.000000,87.270000,82.640000,87.580000,84.990000,87.720000,90.790000,88.130000,84.550000,83.920000,87.290000,82.930000,77.090000,74.490000,71.720000,70.550000,73.650000,79.500000,77.070000,68.830000,60.380000
71.520000,67.480000,62.540000,59.580000,60.420000,60.380000,57.230000,50.830000,57.070000,54.370000,61.310000,60.860000,73.560000,52.520000,56.050000,64.920000,66.220000,77.670000,74.710000,75.850000,69.740000,75.570000,72.140000,73.200000,80.160000,83.970000,86.810000,88.780000,95.020000,87.970000,97.130000,106.020000,115.450000,109.200000,104.710000,106.860000,102.160000,95.040000,84.370000,87.500000,84.950000,78.600000,78.400000,75.400000,73.940000,73.110000,76.100000,80.740000
69.350000,69.960000,68.640000,68.540000,69.650000,67.640000,64.450000,59.990000,61.340000,60.590000,68.650000,63.690000,69.200000,68.550000,70.680000,75.210000,68.450000,77.460000,80.340000,83.010000,82.930000,84.050000,73.030000,74.270000,78.060000,74.400000,76.850000,75.030000,86.210000,91.430000,78.990000,81.580000,86.490000,88.090000,88.700000,94.290000,94.550000,90.440000,89.300000,88.830000,89.780000,83.950000,81.870000,80.020000,78.080000,77.450000,85.220000,95.480000
85.340000,85.730000,76.780000,69.080000,72.600000,67.850000,64.380000,64.000000,63.990000,64.120000,66.830000,70.720000,69.870000,71.290000,72.270000,68.660000,69.070000,66.310000,68.100000,76.770000,73.790000,73.940000,74.560000,79.030000,78.040000,90.620000,89.930000,85.470000,88.750000,94.230000,98.930000,104.430000,99.330000,105.160000,106.920000,106.150000,104.170000,104.380000,99.700000,89.730000,88.300000,84.380000,92.060000,86.330000,84.130000,79.770000,71.440000,86.110000
73.770000,83.020000,77.080000,74.980000,73.070000,70.630000,75.660000,73.350000,72.000000,70.370000,72.930000,69.600000,69.090000,69.950000,75.880000,84.040000,80.620000,88.510000,88.890000,92.730000,91.890000,91.790000,92.470000,95.070000,94.030000,97.190000,105.950000,106.250000,106.170000,98.660000,102.430000,103.220000,103.000000,110.460000,112.940000,112.500000,107.280000,102.330000,93.330000,82.340000,81.790000,82.240000,89.550000,81.750000,80.240000,80.390000,73.920000,68.250000
67.060000,69.800000,68.980000,67.560000,69.110000,67.460000,66.900000,66.110000,66.450000,64.990000,70.870000,70.670000,88.070000,76.680000,86.990000,96.830000,89.960000,91.150000,77.670000,77.660000,82.360000,82.760000,85.040000,85.630000,83.140000,82.260000,82.500000,82.800000,82.440000,80.950000,98.760000,100.710000,93.530000,97.660000,97.310000,92.360000,90.890000,90.130000,85.700000,82.840000,85.130000,82.130000,77.570000,72.780000,74.250000,71.740000,67.470000,63.300000
60.860000,62.710000,61.470000,61.070000,64.700000,62.720000,57.300000,55.970000,61.930000,54.730000,55.080000,57.860000,61.050000,62.300000,77.570000,93.360000,77.310000,83.660000,78.120000,78.440000,78.550000,76.970000,69.640000,69.240000,69.290000,69.360000,68.750000,68.440000,68.120000,68.980000,77.720000,82.120000,89.900000,93.810000,83.690000,86.680000,92.610000,92.680000,85.740000,78.190000,74.800000,69.990000,74.330000,69.820000,68.230000,65.530000,57.750000,60.820000
62.690000,62.840000,63.630000,64.730000,63.290000,64.790000,69.510000,70.790000,70.490000,68.270000,70.430000,69.200000,73.610000,94.230000,119.600000,125.770000,119.970000,125.410000,116.680000,115.030000,111.150000,110.770000,98.870000,96.450000,98.500000,97.500000,94.640000,93.750000,100.130000,95.480000,98.400000,109.660000,113.760000,122.530000,114.460000,112.410000,112.650000,107.650000,95.030000,97.180000,94.910000,82.250000,81.720000,73.050000,74.220000,70.010000,68.200000,66.110000
66.550000,76.210000,75.810000,72.060000,82.810000,74.740000,75.500000,74.550000,74.110000,70.240000,69.270000,69.020000,71.690000,78.770000,90.110000,105.380000,101.970000,109.660000,92.750000,91.940000,94.800000,86.490000,80.380000,82.700000,84.880000,82.360000,79.630000,78.200000,81.700000,85.730000,95.980000,95.790000,97.990000,102.520000,102.340000,102.690000,101.730000,99.220000,97.460000,94.940000,93.160000,89.960000,79.900000,76.270000,73.640000,69.640000,71.870000,73.250000
72.250000,82.200000,74.020000,68.050000,64.590000,67.740000,70.530000,70.480000,73.850000,68.860000,75.840000,82.890000,92.360000,103.230000,106.340000,114.520000,107.730000,114.220000,106.160000,108.610000,98.360000,102.100000,93.100000,92.400000,105.720000,94.880000,92.990000,93.120000,99.200000,97.240000,106.160000,105.160000,102.970000,104.170000,106.610000,110.260000,110.170000,109.410000,97.100000,92.610000,96.040000,88.750000,86.070000,82.140000,80.300000,77.110000,80.550000,93.290000
89.760000,92.830000,91.410000,78.940000,79.090000,72.170000,74.360000,81.200000,74.520000,74.150000,83.250000,83.430000,79.100000,79.350000,89.580000,90.690000,89.780000,96.500000,84.610000,95.600000,94.400000,93.710000,85.290000,83.530000,87.660000,87.960000,93.410000,93.010000,86.420000,82.800000,89.660000,94.770000,97.360000,103.840000,107.420000,108.630000,102.830000,100.620000,97.800000,88.640000,90.530000,84.720000,79.060000,75.910000,81.550000,80.640000,65.450000,87.470000
70.170000,86.190000,86.840000,83.140000,82.850000,82.920000,85.190000,82.030000,84.910000,85.900000,84.000000,81.290000,80.850000,77.590000,75.990000,73.600000,79.570000,85.660000,86.400000,87.170000,77.390000,72.160000,76.160000,73.370000,72.710000,73.750000,80.370000,77.240000,75.930000,74.200000,81.330000,82.850000,81.530000,88.670000,90.090000,90.910000,93.530000,85.990000,91.450000,84.250000,84.250000,77.310000,80.070000,80.190000,74.110000,101.480000,81.140000,84.650000
82.740000,82.770000,70.490000,62.310000,63.220000,61.730000,62.880000,63.590000,72.100000,64.500000,77.450000,57.580000,88.170000,71.480000,83.850000,87.640000,75.860000,82.320000,85.560000,85.860000,82.240000,77.780000,73.940000,71.840000,78.100000,76.740000,75.020000,74.460000,80.680000,80.920000,80.390000,93.130000,85.120000,92.810000,90.700000,95.520000,92.130000,93.310000,84.940000,78.620000,92.940000,82.950000,78.090000,68.670000,74.920000,68.130000,70.350000,66.670000
70.430000,78.340000,73.150000,73.380000,73.140000,69.700000,77.290000,72.260000,75.930000,68.220000,82.110000,71.690000,81.630000,90.290000,104.670000,114.780000,109.880000,116.100000,104.460000,99.030000,105.810000,102.960000,90.620000,87.090000,82.670000,77.730000,78.420000,75.090000,82.620000,84.230000,89.320000,90.980000,92.400000,92.510000,90.640000,90.010000,83.430000,83.270000,79.300000,75.240000,73.550000,71.500000,76.620000,76.160000,74.010000,69.220000,60.070000,61.040000
60.860000,71.570000,54.920000,63.350000,57.210000,58.350000,58.730000,65.390000,65.440000,62.860000,67.450000,68.330000,70.450000,71.370000,67.650000,67.240000,75.230000,89.350000,87.650000,79.710000,84.490000,83.490000,89.260000,90.000000,99.270000,88.590000,94.550000,90.610000,94.000000,92.320000,86.660000,92.380000,101.130000,104.960000,82.290000,81.060000,80.860000,84.750000,84.600000,71.910000,70.290000,63.560000,77.080000,77.960000,76.480000,71.340000,67.920000,72.480000
69.770000,76.590000,70.250000,60.980000,57.360000,58.090000,66.210000,76.470000,73.950000,77.920000,92.180000,87.820000,86.530000,93.900000,103.000000,108.200000,107.610000,108.140000,100.030000,98.120000,98.240000,93.780000,91.980000,89.860000,88.980000,84.890000,89.300000,87.970000,89.860000,86.600000,86.560000,87.900000,85.080000,87.670000,85.950000,87.480000,83.760000,84.850000,80.850000,79.790000,81.370000,81.760000,77.030000,71.240000,70.150000,68.360000,68.770000,59.360000
51.130000,58.200000,62.670000,56.740000,59.450000,57.040000,58.470000,59.090000,62.330000,59.410000,72.620000,61.520000,78.230000,81.790000,91.700000,96.510000,92.460000,92.870000,87.050000,83.450000,86.520000,78.360000,72.340000,65.650000,65.700000,65.140000,62.770000,60.210000,61.520000,61.460000,72.390000,76.140000,74.600000,79.880000,79.360000,81.550000,81.690000,77.420000,71.560000,72.430000,65.690000,63.330000,70.460000,69.160000,64.440000,64.920000,62.790000,65.160000
66.070000,70.890000,65.100000,63.890000,62.530000,55.190000,59.750000,58.210000,58.210000,59.080000,63.060000,55.520000,62.060000,65.510000,72.900000,68.530000,64.240000,80.990000,79.110000,79.340000,71.800000,75.190000,72.140000,72.770000,65.040000,65.140000,63.920000,64.290000,71.180000,66.980000,76.490000,75.880000,77.880000,81.680000,83.550000,82.880000,79.810000,72.880000,71.390000,69.020000,69.300000,68.600000,64.420000,63.690000,66.120000,59.770000,63.840000,61.720000
55.650000,64.410000,61.800000,56.410000,57.980000,55.520000,53.740000,55.910000,60.330000,61.100000,59.050000,56.730000,53.090000,55.500000,63.990000,67.020000,47.260000,64.960000,57.910000,67.290000,69.240000,69.560000,72.430000,76.040000,78.020000,77.930000,75.970000,75.050000,73.430000,72.510000,72.760000,72.550000,75.250000,85.110000,93.500000,93.790000,88.750000,87.560000,86.780000,87.180000,88.390000,86.630000,80.220000,85.000000,83.360000,76.040000,77.060000,74.840000
70.660000,71.860000,63.950000,65.100000,69.860000,65.190000,63.150000,60.710000,59.430000,57.890000,65.260000,67.420000,61.150000,73.010000,80.530000,85.690000,86.380000,86.920000,81.840000,81.340000,76.230000,70.020000,66.620000,68.060000,59.410000,61.050000,61.980000,59.220000,59.580000,59.400000,60.810000,56.420000,64.130000,71.920000,69.760000,74.880000,73.620000,69.530000,66.610000,58.100000,63.080000,60.350000,54.010000,40.720000,53.490000,40.330000,38.360000,20.810000
16.440000,30.520000,16.820000,6.840000,4.690000,4.320000,12.820000,14.120000,35.850000,38.810000,52.350000,59.840000,68.300000,66.900000,68.890000,80.410000,76.350000,76.090000,71.350000,67.360000,62.770000,60.140000,48.620000,47.620000,47.540000,47.550000,51.590000,49.010000,53.880000,50.950000,44.050000,51.940000,63.770000,68.330000,60.050000,63.390000,62.150000,56.160000,63.780000,64.810000,64.900000,54.970000,61.710000,53.090000,33.090000,24.850000,22.160000,19.880000
29.570000,37.980000,36.110000,24.810000,20.380000,21.640000,6.690000,6.240000,6.600000,6.700000,29.650000,47.620000,56.690000,64.180000,80.280000,83.190000,80.950000,81.020000,83.260000,83.090000,71.790000,67.700000,50.860000,56.850000,56.350000,55.280000,52.880000,53.290000,50.800000,50.920000,52.690000,52.440000,46.450000,50.810000,65.520000,72.750000,57.560000,66.130000,70.810000,63.850000,70.810000,60.090000,58.420000,59.580000,58.350000,57.450000,61.640000,55.990000
57.430000,58.130000,63.300000,55.450000,57.180000,56.730000,55.610000,57.690000,57.070000,55.300000,63.200000,60.080000,72.910000,77.840000,79.470000,82.190000,84.700000,83.160000,80.120000,70.590000,68.850000,66.030000,58.640000,56.510000,62.570000,61.170000,65.850000,59.160000,64.730000,56.470000,65.640000,72.370000,73.730000,77.210000,81.670000,82.110000,78.350000,74.020000,75.350000,68.120000,68.390000,71.210000,64.640000,60.760000,62.470000,55.020000,57.910000,44.810000
49.420000,59.110000,59.760000,56.930000,55.480000,50.990000,47.780000,39.500000,43.120000,42.010000,49.370000,49.790000,48.480000,73.660000,60.040000,77.190000,69.110000,72.480000,73.290000,73.650000,70.700000,62.630000,50.700000,37.530000,28.240000,22.510000,34.660000,37.800000,32.460000,39.080000,50.660000,53.670000,60.050000,67.990000,78.760000,80.810000,80.430000,77.920000,73.170000,69.960000,71.410000,54.260000,61.700000,56.920000,62.290000,59.480000,44.980000,41.970000
45.470000,58.790000,53.510000,48.330000,45.780000,40.640000,50.490000,47.640000,44.470000,42.500000,47.340000,44.430000,39.740000,48.830000,57.100000,60.020000,55.910000,68.920000,61.000000,55.650000,50.410000,53.510000,56.660000,57.500000,48.690000,44.220000,41.010000,40.090000,47.220000,49.680000,68.700000,62.620000,63.300000,72.100000,81.760000,81.940000,80.580000,74.940000,69.680000,65.850000,67.400000,60.680000,62.520000,59.560000,55.860000,56.980000,44.310000,21.290000
40.240000,50.430000,46.800000,24.070000,53.040000,42.400000,43.240000,39.610000,39.710000,27.430000,35.970000,33.100000,33.010000,30.070000,38.210000,48.420000,33.370000,44.870000,36.620000,45.130000,37.410000,33.390000,19.170000,22.880000,36.010000,38.540000,34.930000,37.270000,44.340000,47.980000,78.630000,78.580000,82.490000,88.510000,88.060000,87.310000,80.580000,70.460000,76.220000,70.170000,73.970000,68.520000,69.420000,66.410000,65.810000,57.640000,59.300000,61.440000
62.030000,80.210000,85.860000,84.550000,81.260000,80.860000,74.530000,70.880000,60.930000,61.330000,75.300000,65.200000,83.460000,76.010000,82.970000,95.170000,77.540000,77.750000,76.990000,77.410000,79.080000,83.340000,87.040000,82.700000,80.280000,83.300000,87.300000,83.770000,87.120000,79.650000,83.500000,85.680000,86.670000,87.910000,83.710000,79.690000,79.900000,78.050000,75.270000,74.240000,70.930000,66.850000,67.760000,67.660000,66.890000,62.700000,63.980000,62.160000
79.170000,82.260000,85.000000,83.310000,80.720000,81.350000,78.010000,80.410000,87.730000,81.780000,102.010000,97.800000,115.170000,123.040000,115.860000,121.240000,102.680000,108.810000,107.820000,106.720000,106.830000,103.830000,98.300000,96.360000,96.970000,91.940000,84.900000,85.310000,82.360000,81.490000,78.060000,78.080000,79.600000,80.310000,91.890000,88.460000,108.180000,109.860000,107.560000,104.610000,95.600000,93.430000,84.790000,84.500000,80.930000,87.010000,85.810000,85.870000
85.850000,84.780000,83.780000,82.320000,79.080000,78.180000,82.740000,81.320000,77.450000,81.420000,78.520000,78.430000,86.310000,97.050000,89.380000,105.440000,97.840000,99.230000,79.770000,89.130000,87.740000,79.440000,82.260000,77.750000,81.700000,83.070000,81.310000,79.940000,78.640000,80.790000,85.920000,85.560000,90.530000,83.670000,99.020000,104.080000,100.640000,104.350000,100.250000,101.600000,101.360000,98.390000,86.310000,76.620000,84.570000,81.680000,74.900000,80.300000
75.420000,72.530000,79.750000,78.900000,73.130000,75.410000,74.990000,72.530000,72.380000,71.330000,76.750000,74.790000,94.880000,101.650000,101.990000,109.050000,93.450000,91.630000,81.500000,75.890000,74.850000,73.970000,72.700000,71.400000,75.310000,79.660000,71.810000,74.070000,77.480000,75.910000,77.610000,79.640000,84.280000,87.360000,105.160000,115.830000,121.970000,120.040000,96.660000,95.690000,94.120000,85.420000,93.660000,90.360000,82.040000,81.370000,72.470000,84.410000
78.810000,76.900000,77.580000,72.730000,69.750000,65.150000,67.890000,60.160000,58.350000,54.130000,55.690000,51.410000,54.330000,60.650000,78.090000,88.780000,78.380000,76.660000,67.270000,69.770000,74.240000,74.770000,76.320000,78.030000,79.410000,74.470000,74.990000,79.920000,83.140000,80.510000,83.780000,82.290000,82.040000,81.750000,100.120000,103.110000,110.700000,109.630000,111.520000,111.730000,106.730000,98.820000,93.250000,83.810000,81.510000,79.890000,87.690000,86.810000
84.460000,82.430000,77.250000,80.340000,75.280000,76.430000,69.910000,68.270000,71.410000,66.190000,84.710000,85.800000,91.470000,92.860000,93.750000,101.160000,97.790000,99.990000,102.350000,103.070000,101.300000,100.200000,96.620000,92.370000,85.960000,83.430000,82.130000,78.350000,79.150000,80.550000,84.490000,86.170000,94.450000,93.030000,94.010000,104.710000,107.630000,108.610000,110.380000,110.410000,96.880000,88.220000,95.820000,84.260000,82.960000,84.600000,86.050000,84.030000
80.790000,78.950000,74.580000,72.740000,72.470000,70.030000,71.200000,72.530000,75.120000,73.160000,74.890000,80.630000,79.120000,79.150000,80.850000,85.050000,75.170000,89.450000,95.720000,95.870000,96.760000,99.630000,104.440000,103.120000,104.060000,103.050000,97.700000,95.210000,92.830000,92.450000,94.780000,96.370000,98.550000,99.020000,117.430000,119.870000,126.730000,137.820000,131.060000,125.590000,103.370000,99.830000,96.140000,89.680000,88.930000,87.820000,78.860000,83.690000
87.510000,84.770000,79.820000,79.900000,85.380000,80.950000,78.450000,77.340000,80.330000,81.500000,80.610000,80.770000,83.250000,82.390000,83.800000,84.460000,76.270000,84.430000,88.330000,89.700000,93.060000,92.740000,93.290000,92.630000,90.060000,86.940000,81.330000,72.530000,71.330000,72.620000,76.270000,77.600000,78.630000,81.050000,98.130000,104.090000,104.800000,104.120000,96.070000,96.560000,97.130000,94.360000,90.300000,85.250000,80.220000,84.470000,84.150000,81.480000
82.540000,75.590000,70.960000,70.720000,79.770000,70.210000,74.740000,75.200000,77.310000,73.840000,64.520000,53.730000,81.410000,92.610000,96.300000,100.810000,98.110000,101.490000,99.230000,90.680000,91.570000,89.840000,77.670000,76.230000,71.320000,69.000000,64.350000,54.510000,66.230000,68.040000,68.960000,77.290000,79.800000,86.400000,95.430000,100.220000,92.230000,95.160000,93.620000,88.860000,77.880000,70.110000,77.500000,73.220000,82.420000,68.390000,78.040000,79.660000
81.200000,71.390000,77.390000,53.340000,42.600000,32.040000,34.840000,26.650000,43.630000,40.280000,51.950000,52.000000,49.850000,67.120000,74.860000,88.980000,69.120000,69.410000,62.930000,51.270000,20.150000,13.580000,6.720000,0.480000,2.070000,5.000000,8.780000,14.450000,30.530000,30.340000,29.900000,51.790000,54.440000,72.540000,87.690000,92.320000,94.200000,99.810000,101.910000,102.740000,102.470000,97.650000,85.810000,51.270000,52.950000,23.650000,24.930000,-4.650000
-3.170000,-8.130000,1.860000,0.820000,-1.080000,-3.200000,-0.620000,-4.790000,-5.170000,-6.390000,-8.270000,-2.320000,44.810000,72.650000,67.670000,87.090000,78.140000,69.200000,51.440000,26.870000,47.490000,37.310000,36.720000,44.940000,38.710000,30.560000,32.790000,33.650000,49.210000,52.490000,56.210000,47.340000,81.930000,85.320000,88.680000,86.430000,99.440000,103.260000,93.630000,97.340000,92.410000,84.220000,93.740000,89.210000,82.740000,80.490000,84.850000,66.400000
62.890000,66.090000,63.310000,61.010000,60.690000,67.800000,71.430000,62.890000,69.410000,64.790000,70.730000,72.600000,94.150000,108.890000,116.310000,125.770000,100.420000,87.670000,83.780000,82.920000,78.420000,83.210000,82.580000,82.020000,82.280000,77.210000,72.940000,77.940000,78.430000,67.260000,67.120000,71.580000,65.650000,62.930000,71.610000,75.780000,95.440000,98.990000,97.960000,101.850000,99.000000,95.580000,86.960000,80.990000,81.280000,73.970000,69.920000,74.600000
73.200000,68.650000,73.330000,67.570000,64.660000,68.600000,68.800000,66.860000,65.610000,65.570000,77.770000,78.660000,92.380000,103.290000,109.300000,118.830000,101.530000,94.810000,85.490000,78.190000,81.640000,78.280000,52.590000,65.970000,66.830000,73.160000,69.640000,73.380000,67.270000,72.990000,66.440000,66.240000,76.200000,72.080000,71.870000,79.280000,82.460000,85.100000,91.450000,93.510000,87.320000,82.040000,74.340000,72.420000,71.850000,68.980000,72.200000,74.210000
73.260000,66.810000,55.220000,52.970000,51.090000,46.330000,45.300000,42.830000,42.700000,41.090000,46.050000,46.060000,45.500000,44.780000,52.510000,57.310000,54.560000,52.080000,28.110000,12.650000,0.760000,-9.800000,-17.490000,-25.320000,-22.680000,-25.710000,-15.040000,-16.610000,-20.150000,-20.840000,-14.790000,-5.470000,-2.090000,20.700000,38.820000,65.350000,59.150000,68.950000,77.940000,84.790000,77.400000,72.280000,72.150000,66.800000,66.420000,56.290000,64.560000,61.030000
50.900000,53.850000,44.840000,54.550000,52.920000,49.230000,45.760000,51.440000,61.960000,67.020000,59.900000,58.720000,67.350000,74.550000,77.040000,86.290000,87.180000,93.900000,94.600000,93.340000,94.720000,92.250000,89.880000,92.800000,97.090000,98.010000,98.090000,97.080000,96.370000,95.770000,92.660000,87.770000,82.150000,77.360000,97.480000,99.250000,100.450000,102.300000,97.770000,100.790000,85.330000,85.900000,90.970000,82.300000,81.740000,74.740000,71.910000,70.910000
73.400000,75.180000,76.410000,78.250000,79.560000,76.950000,76.680000,75.970000,75.410000,76.320000,79.180000,82.740000,100.050000,119.480000,133.160000,147.860000,140.000000,137.330000,112.190000,105.160000,99.620000,93.600000,80.350000,77.590000,76.140000,75.010000,77.040000,76.010000,75.110000,74.930000,77.510000,78.160000,80.660000,90.220000,108.910000,115.860000,115.120000,115.960000,115.020000,116.470000,100.960000,93.060000,83.140000,79.450000,78.050000,78.670000,74.210000,76.610000
79.530000,74.410000,72.770000,73.660000,70.210000,73.750000,70.790000,71.120000,77.920000,78.710000,90.380000,79.730000,92.780000,99.070000,119.020000,124.710000,90.650000,82.370000,78.950000,75.590000,69.910000,66.870000,62.870000,64.450000,62.990000,62.150000,64.910000,63.710000,61.250000,61.980000,63.870000,67.890000,70.500000,73.780000,99.270000,102.090000,112.570000,116.230000,103.760000,106.970000,107.380000,89.050000,83.100000,82.160000,80.460000,74.350000,75.910000,72.610000
73.980000,72.430000,69.850000,70.730000,74.870000,72.110000,68.320000,70.860000,68.170000,66.630000,78.670000,73.790000,89.310000,104.030000,101.070000,111.740000,104.200000,100.020000,88.780000,88.320000,96.080000,93.800000,75.760000,71.400000,68.820000,69.180000,68.750000,69.790000,67.720000,65.120000,65.970000,68.140000,77.270000,84.160000,93.760000,102.250000,108.650000,109.580000,107.100000,110.000000,99.340000,89.750000,81.170000,76.920000,79.030000,77.290000,75.350000,73.390000
75.870000,72.670000,74.180000,76.260000,80.990000,80.060000,81.020000,82.330000,85.820000,84.310000,94.590000,83.380000,99.680000,110.990000,111.580000,119.540000,107.430000,101.550000,96.270000,90.990000,86.130000,87.690000,80.890000,71.400000,65.650000,71.280000,68.320000,65.250000,68.560000,73.540000,77.370000,75.370000,82.530000,95.090000,111.170000,108.030000,113.080000,112.010000,101.210000,99.850000,98.880000,91.080000,83.350000,82.910000,80.600000,77.970000,68.300000,64.940000
65.250000,64.090000,67.380000,68.920000,64.330000,68.710000,69.000000,67.070000,68.620000,65.860000,72.260000,63.530000,70.210000,77.830000,70.250000,74.880000,70.710000,74.770000,72.520000,70.430000,67.120000,67.280000,68.930000,73.950000,77.390000,72.500000,74.090000,71.620000,72.110000,73.330000,69.980000,67.600000,68.780000,71.500000,89.630000,90.010000,97.240000,96.400000,91.640000,92.790000,86.000000,82.230000,75.780000,78.920000,78.820000,74.460000,82.230000,80.050000
77.600000,75.970000,73.490000,76.020000,77.890000,77.930000,85.480000,83.580000,83.980000,83.660000,91.150000,87.190000,88.800000,80.870000,75.690000,84.780000,90.080000,94.670000,95.920000,97.240000,98.670000,97.390000,93.050000,91.960000,89.750000,89.750000,87.330000,84.110000,82.670000,82.780000,85.570000,84.040000,88.140000,85.890000,109.060000,113.430000,114.260000,116.620000,110.400000,107.920000,101.010000,85.130000,83.930000,80.410000,82.860000,86.980000,83.440000,81.450000
75.580000,76.070000,79.220000,77.930000,78.120000,80.150000,81.530000,79.000000,84.740000,82.570000,92.200000,88.700000,90.340000,80.560000,74.430000,81.400000,66.810000,71.720000,70.580000,72.460000,78.180000,78.360000,92.300000,94.850000,95.750000,93.590000,90.220000,85.340000,80.010000,78.960000,84.270000,85.020000,101.220000,100.400000,112.690000,114.520000,113.310000,114.340000,110.430000,108.030000,106.560000,90.020000,82.260000,81.500000,82.340000,81.580000,80.000000,74.890000
74.410000,72.170000,68.190000,64.690000,62.870000,64.420000,64.280000,65.230000,62.990000,61.560000,68.090000,69.340000,69.420000,62.240000,76.620000,89.010000,76.100000,83.900000,78.660000,78.740000,78.660000,76.790000,77.260000,83.630000,85.900000,83.780000,82.440000,78.110000,77.910000,75.670000,80.790000,78.160000,96.030000,102.460000,98.140000,104.920000,100.890000,101.170000,99.350000,100.130000,79.560000,81.140000,82.080000,77.530000,72.800000,74.230000,73.450000,90.050000
80.520000,79.680000,86.710000,87.180000,84.690000,79.080000,82.670000,80.380000,84.770000,82.420000,90.150000,72.970000,71.720000,87.160000,93.030000,104.320000,94.360000,89.190000,84.860000,81.200000,79.330000,72.590000,65.360000,68.950000,66.190000,66.970000,68.410000,70.280000,72.170000,68.610000,71.100000,72.370000,78.190000,85.980000,85.050000,87.870000,84.680000,82.780000,85.150000,85.770000,87.980000,87.740000,76.690000,73.620000,75.880000,74.530000,77.490000,70.760000
76.990000,72.890000,69.650000,69.760000,68.790000,68.770000,68.250000,68.320000,74.800000,74.940000,73.370000,72.700000,75.370000,68.810000,69.000000,78.020000,88.880000,92.090000,85.260000,84.020000,80.210000,77.110000,71.730000,72.350000,78.040000,74.830000,72.630000,72.720000,72.840000,74.330000,76.890000,74.240000,85.030000,86.910000,99.220000,98.920000,96.350000,95.600000,84.880000,86.150000,85.750000,80.620000,80.180000,82.690000,75.680000,76.780000,92.490000,95.280000
96.120000,88.940000,85.670000,85.950000,85.310000,83.440000,79.830000,76.410000,72.100000,73.970000,80.620000,82.850000,85.470000,86.350000,84.970000,94.750000,90.800000,90.840000,92.680000,88.110000,80.390000,78.100000,72.810000,73.370000,74.590000,80.680000,81.160000,77.620000,74.790000,73.260000,77.240000,81.160000,84.220000,86.230000,89.140000,93.910000,97.310000,96.830000,96.190000,92.140000,88.820000,80.950000,81.000000,82.140000,77.190000,66.430000,21.210000,3.460000
3.150000,-3.680000,-0.520000,-5.340000,0.520000,-8.420000,-9.730000,-11.650000,-13.400000,-15.400000,-12.170000,5.630000,-4.760000,51.950000,67.010000,90.180000,95.320000,96.060000,96.970000,95.890000,95.100000,92.510000,88.650000,79.020000,82.470000,74.330000,68.440000,67.580000,74.750000,73.670000,68.170000,73.800000,78.180000,81.210000,75.170000,86.490000,94.520000,97.280000,105.310000,105.910000,103.250000,98.480000,80.550000,77.440000,84.340000,75.600000,51.180000,40.970000
40.760000,38.870000,33.330000,36.730000,31.690000,24.600000,18.970000,18.610000,24.780000,32.510000,26.310000,32.030000,55.630000,57.520000,70.460000,84.440000,81.530000,84.560000,88.250000,85.070000,85.030000,81.270000,82.260000,82.100000,83.810000,84.760000,84.140000,81.350000,76.620000,72.770000,71.010000,85.360000,91.440000,100.160000,109.710000,112.570000,124.000000,125.980000,125.380000,123.690000,118.650000,112.700000,100.960000,92.420000,95.360000,88.570000,76.920000,79.190000
72.750000,75.420000,74.290000,76.070000,77.630000,72.890000,73.640000,71.650000,75.580000,75.170000,73.170000,73.060000,74.380000,72.380000,72.100000,78.160000,92.510000,87.270000,92.520000,96.200000,93.320000,94.570000,87.710000,83.420000,88.260000,84.390000,76.870000,77.250000,76.960000,77.370000,80.130000,82.710000,81.400000,84.840000,107.520000,107.740000,109.050000,109.330000,92.870000,89.380000,77.290000,65.630000,50.790000,37.570000,45.690000,13.890000,12.850000,-3.950000
-2.740000,3.850000,0.030000,4.110000,-4.800000,1.790000,17.140000,14.700000,4.120000,7.070000,15.540000,38.760000,46.470000,75.690000,76.960000,78.340000,83.020000,68.410000,68.170000,74.580000,77.400000,80.920000,83.280000,82.700000,87.960000,90.200000,90.170000,89.540000,88.510000,85.490000,81.840000,78.230000,69.010000,73.910000,79.170000,79.910000,83.120000,88.800000,91.860000,91.190000,89.900000,81.440000,80.190000,81.560000,81.060000,77.120000,62.780000,55.460000
52.880000,48.270000,44.180000,45.370000,32.170000,27.910000,35.700000,31.030000,28.750000,31.160000,80.840000,80.050000,93.310000,98.800000,104.330000,113.490000,107.790000,107.720000,105.320000,103.860000,102.710000,93.590000,83.130000,84.530000,84.300000,84.560000,82.810000,84.920000,84.010000,85.150000,88.380000,87.790000,86.000000,82.950000,91.530000,95.230000,101.210000,102.970000,102.700000,99.770000,94.140000,85.590000,84.960000,81.610000,84.120000,82.320000,80.900000,74.200000
77.430000,77.860000,67.020000,67.060000,68.600000,67.880000,72.070000,74.600000,66.590000,60.700000,86.610000,78.800000,88.770000,91.100000,100.050000,112.220000,100.020000,100.220000,106.440000,95.450000,91.790000,82.510000,76.910000,78.570000,77.680000,77.420000,80.130000,77.780000,78.220000,79.610000,87.220000,85.560000,87.850000,90.450000,93.740000,103.620000,105.340000,105.730000,98.440000,93.460000,87.610000,76.850000,75.490000,81.560000,78.300000,77.450000,73.760000,75.240000
82.090000,78.200000,75.560000,82.400000,99.640000,86.860000,81.180000,80.290000,74.510000,77.710000,80.140000,74.780000,88.570000,85.250000,101.890000,109.730000,110.450000,108.690000,99.080000,78.040000,68.670000,64.140000,67.720000,70.030000,69.010000,70.250000,68.840000,68.790000,69.100000,69.790000,71.200000,76.430000,82.170000,83.350000,84.840000,90.730000,101.210000,104.820000,105.870000,99.040000,82.480000,77.840000,81.110000,76.050000,78.790000,78.430000,71.320000,71.420000
66.940000,60.030000,65.210000,64.790000,64.260000,65.610000,58.190000,56.470000,71.320000,66.870000,86.480000,86.030000,90.570000,100.540000,119.130000,122.870000,98.560000,101.660000,87.070000,92.930000,87.420000,73.360000,68.990000,65.550000,63.440000,69.220000,72.930000,65.890000,63.530000,65.440000,76.720000,80.690000,84.010000,82.150000,98.940000,109.000000,110.640000,109.710000,105.930000,100.090000,90.580000,82.900000,82.750000,82.660000,81.880000,84.990000,83.760000,84.740000
80.910000,84.230000,74.220000,73.110000,68.830000,66.950000,60.930000,53.280000,69.210000,64.160000,65.440000,69.180000,71.410000,79.450000,81.680000,90.770000,91.460000,93.460000,96.230000,96.550000,96.420000,96.790000,86.710000,71.230000,65.560000,60.620000,65.550000,66.250000,63.330000,61.710000,79.090000,86.330000,76.680000,71.890000,111.190000,114.210000,110.140000,112.260000,87.710000,78.130000,80.800000,68.730000,58.770000,51.180000,51.280000,41.880000,59.810000,31.400000
49.590000,54.440000,57.740000,65.950000,55.830000,53.050000,60.420000,55.420000,55.730000,58.050000,59.740000,57.240000,51.290000,64.520000,63.460000,74.980000,65.770000,82.610000,95.680000,95.010000,95.120000,95.600000,92.830000,88.820000,89.070000,85.000000,82.960000,87.790000,89.020000,91.040000,94.040000,99.450000,102.170000,109.170000,112.370000,114.600000,111.730000,115.000000,109.600000,105.540000,101.880000,86.210000,80.000000,83.050000,88.280000,86.580000,86.440000,72.480000
72.050000,66.610000,66.350000,66.620000,58.260000,49.830000,29.770000,31.830000,42.350000,47.790000,52.970000,61.620000,77.100000,77.810000,77.470000,91.980000,98.400000,97.070000,85.590000,80.390000,73.630000,73.360000,75.870000,71.620000,69.620000,70.550000,70.580000,70.560000,70.270000,70.410000,74.480000,75.060000,88.840000,106.630000,125.740000,129.460000,129.880000,134.320000,108.890000,98.710000,81.150000,78.000000,76.680000,82.650000,76.530000,75.690000,82.030000,84.670000
79.560000,75.630000,74.840000,77.500000,74.590000,72.840000,73.710000,69.680000,70.980000,72.090000,74.640000,74.060000,86.660000,90.790000,83.780000,89.580000,92.200000,91.250000,91.260000,93.790000,92.910000,95.520000,85.870000,84.310000,83.590000,77.790000,71.490000,70.300000,71.220000,73.800000,78.020000,77.320000,84.190000,87.510000,97.040000,98.680000,97.640000,95.410000,78.000000,79.190000,73.790000,72.280000,66.820000,68.110000,61.970000,55.090000,56.630000,49.020000
46.590000,37.220000,29.530000,34.950000,42.290000,35.860000,30.980000,26.750000,32.860000,33.560000,43.630000,44.880000,66.600000,76.780000,78.110000,89.320000,85.030000,83.280000,82.470000,82.500000,82.340000,81.230000,74.030000,71.440000,72.720000,73.240000,79.030000,76.310000,78.800000,78.760000,84.920000,86.860000,93.630000,97.120000,103.110000,103.360000,101.200000,98.500000,77.360000,74.940000,72.660000,74.510000,70.090000,61.630000,53.600000,43.980000,74.080000,66.770000
47.210000,47.280000,40.620000,44.300000,31.680000,34.310000,24.820000,24.960000,35.980000,32.920000,45.430000,66.580000,76.910000,75.550000,92.050000,99.710000,106.360000,104.080000,104.990000,104.840000,104.400000,103.730000,101.130000,102.910000,101.360000,95.300000,85.570000,83.360000,86.190000,85.250000,93.610000,95.130000,93.350000,105.730000,109.510000,115.180000,122.510000,121.680000,113.010000,102.060000,95.800000,92.430000,93.040000,89.290000,78.260000,78.340000,79.970000,83.890000
77.620000,74.940000,74.080000,74.870000,68.850000,68.520000,71.760000,67.510000,62.170000,50.620000,72.470000,51.970000,79.770000,84.720000,97.020000,112.310000,90.880000,94.340000,90.630000,80.370000,78.940000,80.210000,77.690000,74.390000,74.940000,74.670000,74.100000,75.540000,80.560000,81.650000,80.150000,88.050000,98.340000,108.940000,125.070000,125.390000,126.490000,127.480000,114.270000,106.700000,94.030000,84.790000,85.720000,88.050000,85.140000,81.570000,75.560000,78.610000
82.820000,82.710000,81.410000,81.310000,82.130000,78.060000,71.180000,66.450000,66.310000,62.630000,60.700000,57.890000,58.510000,62.210000,71.100000,79.520000,81.360000,89.870000,92.960000,93.930000,97.640000,96.280000,94.270000,92.660000,90.980000,87.140000,85.130000,81.390000,80.150000,78.100000,81.820000,78.720000,79.220000,86.190000,86.220000,89.980000,92.050000,91.180000,77.580000,68.840000,52.280000,31.600000,23.450000,8.770000,11.070000,3.810000,25.760000,4.910000
1.260000,8.330000,4.640000,7.510000,1.590000,9.180000,15.730000,8.090000,5.570000,9.930000,1.090000,4.350000,-4.650000,17.880000,41.200000,49.350000,80.590000,92.660000,94.620000,92.630000,99.820000,102.100000,108.450000,109.810000,108.740000,101.450000,96.310000,98.010000,101.150000,104.830000,129.210000,125.200000,134.500000,142.400000,152.290000,155.780000,162.260000,168.520000,150.780000,133.070000,126.590000,116.030000,91.460000,82.330000,95.330000,84.270000,81.370000,73.510000
71.950000,69.150000,71.340000,70.070000,71.290000,72.820000,70.010000,74.080000,74.190000,73.050000,76.560000,73.800000,79.840000,86.130000,104.080000,118.020000,109.800000,114.820000,118.390000,117.120000,113.880000,115.950000,111.960000,106.810000,112.720000,114.160000,112.080000,110.680000,109.730000,111.300000,179.280000,180.020000,257.030000,303.820000,571.410000,600.400000,597.630000,605.170000,203.430000,158.610000,130.360000,123.240000,101.520000,94.510000,92.840000,93.170000,89.500000,86.620000
79.410000,72.470000,74.510000,76.370000,76.860000,73.580000,70.850000,68.100000,73.330000,71.680000,75.500000,72.300000,87.910000,100.400000,98.710000,109.170000,102.490000,100.400000,75.810000,81.150000,90.800000,81.730000,84.540000,84.700000,85.970000,82.310000,82.370000,81.950000,79.540000,80.010000,91.360000,91.060000,102.450000,104.800000,105.530000,106.460000,102.560000,103.450000,90.060000,82.420000,82.720000,88.670000,83.310000,69.980000,69.820000,54.810000,47.390000,22.740000
25.210000,64.590000,52.630000,54.240000,25.820000,9.370000,12.110000,9.330000,16.650000,14.480000,28.700000,50.960000,29.050000,69.250000,75.780000,86.050000,85.570000,85.940000,89.620000,88.800000,91.700000,91.840000,94.580000,95.170000,97.750000,100.080000,102.640000,100.880000,100.150000,98.580000,89.630000,91.640000,90.280000,92.890000,96.570000,97.730000,104.220000,103.670000,92.610000,88.120000,91.740000,86.520000,86.240000,88.870000,88.200000,82.690000,88.600000,87.980000
87.940000,86.970000,92.130000,94.700000,87.920000,86.830000,83.950000,88.540000,82.600000,92.480000,101.140000,103.870000,97.230000,96.730000,106.100000,114.720000,111.690000,111.080000,107.950000,102.330000,95.050000,85.910000,77.310000,76.920000,74.670000,72.050000,68.090000,72.320000,74.830000,72.350000,72.470000,72.330000,76.570000,79.920000,107.010000,112.690000,110.070000,114.630000,95.530000,88.640000,87.610000,86.490000,81.510000,82.970000,80.730000,78.800000,84.080000,87.500000
87.690000,83.240000,80.460000,78.500000,77.060000,76.860000,81.200000,76.380000,74.490000,72.390000,75.920000,72.000000,75.130000,81.390000,84.720000,89.490000,87.210000,86.010000,74.230000,69.150000,78.100000,69.850000,74.370000,74.820000,69.440000,72.000000,72.000000,71.050000,71.990000,68.430000,73.210000,75.060000,77.410000,78.620000,85.390000,90.500000,95.740000,95.590000,78.930000,78.460000,72.270000,77.270000,79.700000,76.990000,77.860000,80.070000,89.930000,88.220000
85.600000,74.190000,67.110000,75.270000,60.200000,65.700000,70.330000,70.710000,75.360000,77.050000,83.090000,84.950000,88.440000,85.070000,96.700000,101.930000,104.510000,107.450000,109.440000,112.790000,111.350000,106.720000,93.570000,86.850000,80.350000,75.420000,77.280000,76.600000,73.730000,74.660000,76.480000,77.140000,81.630000,101.270000,114.310000,122.940000,126.960000,128.970000,131.680000,121.250000,113.110000,99.410000,91.310000,93.140000,97.280000,83.080000,75.650000,72.690000
71.220000,74.390000,79.180000,73.580000,56.680000,27.840000,40.760000,23.960000,37.760000,11.050000,20.630000,6.430000,10.460000,2.420000,-0.570000,0.110000,4.470000,23.530000,5.350000,15.750000,4.450000,9.430000,-0.310000,10.750000,16.030000,17.280000,6.450000,0.290000,0.640000,-2.200000,1.050000,9.280000,27.730000,35.730000,26.470000,46.190000,41.490000,55.880000,42.110000,23.800000,20.070000,2.810000,12.790000,-5.100000,2.710000,-9.740000,5.260000,-6.690000
4.560000,5.200000,-1.880000,-3.680000,-3.670000,-4.190000,-4.390000,-5.020000,-6.880000,-4.870000,-8.470000,-2.980000,7.020000,47.380000,75.720000,92.280000,85.610000,91.660000,77.280000,77.880000,78.280000,77.330000,72.070000,71.420000,78.630000,74.490000,75.360000,73.220000,73.570000,75.070000,87.160000,83.340000,86.210000,92.040000,117.790000,120.740000,125.190000,125.880000,93.480000,88.350000,85.800000,71.470000,87.870000,86.700000,71.160000,80.530000,75.330000,70.750000
65.550000,53.520000,57.480000,57.250000,57.940000,66.130000,55.660000,48.020000,56.170000,59.110000,63.000000,52.000000,69.930000,80.740000,88.420000,101.970000,78.950000,84.710000,84.480000,78.140000,72.760000,78.560000,73.430000,71.670000,73.110000,71.660000,72.200000,72.610000,73.370000,72.510000,79.660000,79.260000,82.530000,85.220000,93.480000,97.310000,106.560000,114.050000,110.240000,102.400000,101.260000,91.190000,80.620000,88.180000,88.350000,83.130000,78.660000,83.510000
86.310000,83.920000,79.860000,82.760000,82.820000,82.950000,85.700000,82.870000,86.490000,83.260000,89.630000,69.820000,98.970000,111.020000,121.590000,130.590000,105.890000,103.820000,100.510000,99.630000,94.140000,89.710000,80.760000,80.160000,83.730000,79.290000,77.370000,75.850000,75.710000,75.550000,84.850000,85.170000,93.440000,103.890000,116.040000,115.890000,118.350000,116.690000,95.110000,85.820000,89.080000,84.390000,75.940000,69.550000,72.730000,67.040000,62.020000,60.820000
75.350000,73.190000,62.380000,56.420000,58.990000,49.730000,36.510000,33.200000,41.780000,47.310000,46.460000,60.220000,77.370000,84.620000,106.940000,117.140000,103.190000,107.120000,105.150000,100.000000,93.910000,87.390000,83.110000,83.140000,85.500000,82.890000,79.080000,76.760000,86.880000,87.250000,103.620000,106.510000,108.150000,116.120000,118.470000,122.320000,113.940000,114.120000,109.630000,104.140000,98.110000,93.690000,89.530000,88.630000,85.920000,82.820000,74.880000,76.940000
77.110000,77.890000,79.150000,84.320000,85.450000,84.560000,81.000000,81.000000,81.370000,79.530000,100.210000,92.540000,102.670000,104.760000,119.600000,123.980000,114.160000,111.800000,110.660000,108.730000,106.990000,103.050000,92.960000,89.690000,85.370000,82.260000,84.390000,85.360000,85.310000,83.800000,97.020000,102.450000,110.700000,119.760000,140.030000,145.840000,136.580000,135.540000,126.300000,112.170000,102.930000,99.810000,99.470000,97.960000,94.280000,93.210000,93.170000,93.820000
92.400000,89.900000,83.190000,88.360000,88.680000,81.270000,83.040000,80.630000,83.700000,85.290000,95.880000,95.820000,81.580000,89.090000,82.220000,99.190000,90.240000,98.510000,93.520000,88.670000,91.360000,93.090000,77.980000,79.090000,71.730000,67.050000,70.040000,71.780000,76.150000,76.550000,85.100000,83.190000,89.970000,108.140000,117.890000,123.380000,119.470000,119.240000,114.020000,105.340000,104.010000,100.420000,102.240000,100.350000,98.610000,90.030000,78.530000,89.580000
32.730000,37.590000,29.220000,23.590000,22.040000,19.710000,19.060000,15.700000,16.550000,19.620000,22.510000,25.210000,47.190000,68.210000,69.420000,77.060000,74.160000,81.080000,85.050000,86.610000,84.290000,82.050000,79.960000,82.470000,85.520000,97.220000,92.870000,86.820000,91.780000,89.920000,103.450000,109.610000,108.260000,107.440000,103.590000,109.000000,115.060000,110.310000,103.690000,93.600000,92.810000,89.200000,93.340000,90.750000,83.840000,83.790000,95.380000,96.890000
96.200000,104.200000,96.460000,95.690000,92.060000,87.690000,95.060000,88.530000,93.280000,87.230000,98.140000,82.820000,83.260000,79.300000,75.220000,87.940000,85.140000,89.410000,84.940000,82.330000,80.600000,78.920000,77.720000,80.480000,82.460000,80.860000,91.720000,94.100000,101.120000,99.910000,107.110000,111.860000,113.040000,125.460000,126.370000,134.750000,123.490000,123.270000,105.590000,95.400000,96.290000,89.240000,90.230000,90.740000,91.300000,92.520000,85.030000,94.270000
91.620000,84.660000,86.260000,81.800000,80.430000,80.390000,79.620000,78.990000,80.850000,80.720000,85.390000,82.780000,86.320000,86.840000,83.950000,96.600000,96.990000,103.440000,103.940000,104.270000,100.250000,101.560000,105.800000,104.750000,101.620000,105.950000,109.710000,105.000000,99.340000,101.900000,121.560000,115.690000,105.840000,124.580000,114.920000,111.550000,114.580000,115.330000,98.890000,93.910000,93.890000,93.930000,91.020000,84.910000,87.390000,88.490000,75.490000,74.310000
70.660000,67.070000,66.960000,59.050000,66.620000,60.360000,67.600000,64.320000,59.220000,58.730000,64.520000,61.340000,70.140000,82.460000,78.900000,94.610000,91.980000,96.370000,100.320000,97.190000,96.320000,91.810000,87.500000,86.390000,80.360000,82.780000,84.510000,82.470000,87.330000,83.390000,101.450000,107.600000,99.750000,102.490000,111.120000,111.480000,108.570000,103.100000,95.940000,89.850000,90.870000,93.950000,92.950000,90.500000,92.700000,92.440000,92.420000,93.590000
91.240000,94.040000,83.530000,75.910000,74.510000,75.340000,71.040000,71.330000,71.630000,68.040000,69.750000,76.400000,92.840000,87.910000,78.790000,82.150000,84.220000,86.190000,91.460000,96.480000,99.490000,100.380000,102.020000,103.780000,103.600000,102.640000,100.210000,93.470000,89.980000,93.420000,101.440000,106.850000,105.130000,107.920000,108.230000,108.930000,113.400000,114.810000,105.950000,95.470000,95.630000,91.160000,87.520000,87.380000,83.720000,84.400000,82.360000,80.720000
79.530000,85.190000,78.910000,75.040000,75.280000,74.050000,73.750000,72.810000,73.420000,70.940000,73.850000,71.260000,73.590000,74.970000,72.870000,79.430000,79.390000,80.860000,74.740000,73.040000,75.210000,77.930000,77.600000,79.010000,79.310000,80.530000,84.690000,83.630000,93.080000,89.830000,104.760000,104.650000,108.610000,114.000000,114.890000,115.680000,113.390000,108.070000,105.430000,97.740000,88.010000,95.370000,84.320000,83.590000,81.480000,83.740000,78.020000,76.680000
75.160000,77.010000,75.160000,74.510000,75.780000,75.210000,73.330000,74.190000,74.540000,74.300000,77.240000,77.970000,80.560000,79.860000,81.440000,85.820000,90.610000,92.400000,94.660000,98.430000,101.040000,98.730000,102.760000,105.070000,108.860000,110.270000,111.520000,111.000000,108.030000,108.200000,106.900000,103.880000,111.580000,117.060000,115.450000,114.620000,110.790000,104.590000,92.490000,81.180000,87.410000,94.100000,87.050000,84.160000,83.490000,81.190000,77.700000,75.870000
74.060000,77.300000,78.090000,76.990000,77.110000,76.840000,79.080000,76.890000,77.070000,76.390000,79.700000,75.200000,76.030000,88.690000,90.070000,104.970000,97.750000,101.980000,88.550000,89.970000,89.120000,88.650000,91.340000,92.640000,90.630000,94.100000,99.880000,100.910000,114.590000,114.680000,156.850000,152.730000,158.810000,175.230000,166.180000,162.020000,141.050000,135.320000,101.720000,97.600000,99.150000,89.070000,92.240000,89.130000,91.640000,81.650000,77.150000,75.110000
75.050000,79.320000,76.980000,75.940000,76.440000,76.110000,77.240000,76.700000,78.160000,77.300000,79.190000,76.550000,90.890000,106.860000,104.830000,122.230000,109.270000,108.290000,100.030000,103.490000,109.440000,110.370000,115.910000,117.990000,116.270000,118.160000,118.110000,114.420000,128.720000,127.940000,148.010000,145.730000,176.050000,183.790000,182.780000,180.320000,178.070000,164.930000,118.540000,114.730000,114.820000,109.710000,100.330000,102.020000,101.160000,88.530000,83.500000,88.570000
91.530000,84.810000,87.000000,82.770000,81.060000,79.690000,82.290000,78.660000,79.300000,78.740000,80.970000,80.340000,93.550000,107.390000,103.730000,123.140000,120.150000,114.320000,119.360000,115.240000,106.560000,110.360000,107.720000,111.800000,109.300000,107.620000,110.880000,108.580000,108.350000,114.100000,122.270000,128.860000,134.050000,143.050000,150.170000,145.920000,139.760000,137.100000,109.030000,103.060000,101.550000,95.570000,89.740000,88.600000,85.450000,88.400000,77.560000,74.160000
77.580000,78.110000,75.360000,78.790000,77.130000,76.890000,74.300000,72.810000,75.330000,74.580000,78.330000,71.350000,79.230000,68.590000,81.970000,85.950000,82.080000,83.460000,78.460000,78.520000,82.080000,83.220000,83.470000,84.160000,80.150000,79.030000,79.090000,81.730000,83.700000,83.700000,88.550000,98.610000,101.850000,110.110000,123.340000,123.350000,122.650000,120.840000,115.900000,108.360000,95.420000,93.130000,93.500000,87.480000,83.030000,82.440000,85.770000,89.090000
81.060000,85.910000,83.790000,82.480000,84.040000,82.580000,90.550000,92.000000,89.210000,86.140000,100.440000,94.240000,105.800000,101.700000,113.710000,117.950000,114.900000,116.600000,113.740000,116.450000,117.980000,119.830000,125.830000,126.480000,128.540000,124.120000,126.140000,140.770000,143.230000,135.720000,134.600000,130.850000,130.880000,135.240000,130.660000,132.400000,128.600000,126.660000,104.000000,100.950000,102.540000,99.250000,101.180000,93.560000,91.500000,88.620000,86.440000,78.390000
80.530000,82.040000,84.050000,83.110000,81.220000,82.190000,81.740000,79.950000,83.460000,86.640000,92.990000,88.100000,77.520000,92.040000,87.350000,93.030000,93.680000,93.120000,94.340000,92.940000,99.810000,102.720000,92.240000,100.220000,103.430000,100.200000,93.840000,91.780000,96.760000,96.550000,104.380000,106.560000,113.540000,119.510000,115.830000,117.690000,119.980000,114.440000,106.250000,97.290000,98.760000,96.610000,96.550000,99.450000,97.180000,89.270000,84.120000,88.440000
88.310000,89.630000,86.090000,86.560000,86.570000,85.410000,89.280000,85.780000,85.710000,83.530000,84.880000,84.310000,79.520000,80.750000,85.040000,84.500000,82.360000,86.230000,85.330000,90.220000,85.890000,87.490000,85.810000,85.390000,86.890000,87.250000,89.310000,85.650000,87.070000,87.680000,96.160000,94.890000,98.570000,106.990000,107.250000,107.860000,108.240000,102.290000,98.300000,90.080000,86.890000,87.980000,91.260000,92.140000,84.180000,90.060000,96.700000,86.890000
79.370000,87.060000,83.290000,87.290000,85.160000,80.990000,82.070000,78.300000,81.380000,85.410000,86.800000,87.920000,96.180000,101.040000,112.280000,124.210000,121.400000,123.080000,116.580000,112.820000,115.950000,113.430000,109.630000,106.910000,106.240000,103.850000,104.620000,100.430000,98.330000,100.910000,112.520000,121.040000,116.490000,123.770000,128.240000,129.130000,121.710000,119.480000,109.110000,101.680000,101.450000,101.090000,94.450000,94.010000,95.790000,95.900000,98.370000,93.470000
85.170000,88.720000,86.410000,87.020000,87.420000,84.690000,88.700000,90.320000,88.040000,86.320000,86.030000,86.790000,92.010000,91.660000,103.580000,104.880000,107.800000,107.410000,110.160000,102.690000,95.190000,92.260000,89.180000,88.360000,85.580000,86.650000,88.040000,88.700000,94.510000,97.540000,108.210000,114.210000,119.090000,132.090000,123.150000,129.480000,126.270000,121.360000,118.590000,110.770000,108.440000,102.840000,100.110000,100.730000,103.070000,96.270000,88.920000,89.710000
85.290000,85.480000,84.640000,85.710000,84.490000,86.270000,85.330000,79.990000,84.150000,82.390000,81.690000,76.600000,93.010000,105.840000,121.780000,132.570000,126.990000,126.540000,116.180000,110.010000,113.660000,110.750000,105.390000,110.170000,101.100000,100.310000,96.180000,100.670000,106.710000,111.050000,108.990000,118.640000,117.810000,121.430000,125.800000,126.190000,123.030000,116.620000,109.570000,106.600000,104.950000,101.480000,100.730000,95.700000,90.230000,90.020000,82.730000,84.190000
85.120000,81.890000,92.400000,85.580000,81.150000,83.260000,76.520000,74.100000,77.620000,69.180000,82.460000,86.040000,95.460000,84.830000,91.060000,93.320000,91.200000,99.960000,97.420000,97.190000,94.890000,94.910000,94.890000,99.280000,95.930000,98.730000,103.600000,103.030000,106.160000,105.710000,123.040000,126.620000,127.260000,130.690000,132.130000,133.340000,130.080000,126.700000,113.340000,106.950000,102.920000,98.570000,98.330000,100.490000,98.080000,91.320000,86.470000,89.820000
85.730000,86.780000,89.730000,86.900000,87.560000,83.000000,85.820000,85.230000,91.150000,83.920000,98.250000,89.580000,98.490000,109.100000,105.930000,108.390000,99.810000,100.950000,97.790000,98.250000,102.000000,96.740000,97.470000,99.290000,97.300000,97.530000,100.790000,102.730000,104.430000,105.010000,112.740000,111.130000,116.440000,118.990000,114.530000,108.050000,108.060000,108.860000,102.170000,102.340000,96.480000,91.270000,87.950000,89.510000,81.490000,68.790000,62.950000,49.840000
51.400000,76.430000,67.720000,60.180000,46.280000,42.390000,37.350000,36.900000,43.770000,50.750000,57.350000,64.260000,64.170000,68.870000,71.200000,78.640000,86.450000,100.550000,98.840000,103.050000,97.360000,97.730000,103.930000,108.460000,110.660000,111.050000,107.370000,100.510000,94.070000,89.850000,100.040000,102.270000,106.730000,114.450000,120.320000,120.710000,120.360000,115.920000,105.080000,94.560000,93.400000,89.450000,94.410000,96.010000,95.370000,82.170000,72.260000,72.240000
66.920000,70.460000,69.480000,61.160000,54.380000,54.700000,48.400000,35.220000,49.780000,50.590000,43.280000,41.610000,55.470000,74.490000,86.090000,96.000000,89.730000,98.340000,102.490000,103.770000,103.720000,98.940000,95.480000,87.020000,84.920000,81.730000,83.070000,85.610000,88.290000,89.430000,103.090000,109.490000,113.820000,123.650000,126.410000,125.340000,125.680000,123.020000,117.300000,108.980000,109.000000,102.130000,100.160000,98.630000,100.650000,93.930000,83.410000,85.350000
89.200000,87.910000,81.820000,80.050000,78.750000,77.990000,78.790000,74.210000,73.310000,73.510000,81.010000,66.720000,99.910000,92.410000,106.840000,117.160000,114.430000,116.820000,105.770000,104.210000,101.650000,101.830000,100.690000,100.790000,100.340000,108.440000,112.670000,110.800000,115.830000,110.930000,107.460000,130.500000,127.990000,129.590000,128.400000,129.670000,131.520000,135.230000,122.180000,111.880000,114.730000,105.760000,104.600000,104.490000,100.680000,100.560000,100.160000,95.650000
88.640000,90.540000,86.000000,78.040000,75.460000,75.880000,74.470000,70.890000,71.310000,69.130000,86.540000,82.680000,95.330000,88.300000,96.450000,107.840000,115.420000,116.180000,107.590000,110.520000,119.960000,119.340000,120.870000,121.790000,123.090000,122.110000,121.280000,117.190000,119.340000,116.630000,120.480000,121.070000,122.520000,119.030000,113.880000,113.510000,114.760000,115.110000,101.950000,101.980000,103.370000,101.350000,95.870000,97.410000,100.590000,97.090000,97.290000,89.720000
88.170000,94.600000,90.920000,86.780000,84.770000,84.680000,89.920000,95.380000,90.720000,85.710000,93.310000,83.020000,95.630000,97.390000,98.870000,113.040000,112.110000,115.200000,111.410000,111.040000,109.580000,108.300000,98.040000,96.770000,89.050000,92.100000,96.400000,90.970000,96.050000,94.790000,106.780000,113.280000,113.640000,120.770000,117.020000,117.860000,113.530000,115.630000,110.100000,100.970000,99.490000,100.990000,100.420000,99.960000,99.940000,97.940000,75.800000,93.650000
86.420000,83.940000,94.210000,93.560000,87.500000,91.680000,101.250000,99.760000,95.760000,88.200000,103.670000,96.060000,113.450000,94.080000,106.360000,119.940000,102.670000,115.630000,114.330000,117.330000,118.720000,114.230000,108.700000,98.460000,110.570000,105.160000,106.070000,101.420000,100.730000,97.890000,108.450000,108.540000,113.210000,120.440000,118.160000,117.250000,114.110000,113.130000,108.960000,106.930000,99.360000,107.460000,107.130000,102.970000,104.630000,104.540000,93.690000,98.810000
92.370000,93.760000,89.160000,83.480000,82.810000,81.760000,89.110000,90.760000,94.050000,90.530000,107.220000,98.410000,111.570000,110.840000,124.070000,130.860000,126.000000,127.110000,117.290000,119.090000,112.600000,106.600000,103.820000,100.040000,97.680000,94.820000,91.610000,98.220000,107.000000,106.100000,110.500000,124.780000,127.630000,128.030000,121.410000,125.100000,127.510000,126.360000,127.180000,115.250000,108.430000,99.350000,100.040000,103.610000,100.630000,95.530000,109.760000,111.250000
102.000000,97.900000,94.160000,93.000000,92.790000,93.470000,84.950000,47.050000,52.110000,32.870000,40.430000,28.580000,53.480000,40.910000,51.360000,60.800000,51.100000,79.230000,70.810000,82.120000,81.620000,88.070000,104.660000,109.070000,111.540000,114.440000,114.960000,113.980000,113.870000,110.420000,108.420000,104.740000,113.340000,121.310000,127.180000,126.390000,124.340000,110.280000,92.740000,85.850000,78.230000,57.340000,40.110000,19.290000,19.040000,10.800000,9.720000,2.030000
22.630000,20.380000,6.780000,1.570000,21.130000,8.760000,14.850000,13.340000,8.710000,7.820000,12.880000,11.950000,14.000000,30.640000,11.960000,23.660000,20.300000,32.760000,21.260000,23.120000,29.590000,33.170000,32.870000,29.470000,29.500000,29.160000,30.860000,29.480000,31.010000,31.230000,33.880000,56.720000,62.290000,80.110000,84.020000,89.920000,89.730000,72.820000,47.750000,42.220000,51.910000,41.440000,48.350000,34.410000,19.560000,5.810000,9.380000,-2.090000
-4.110000,4.230000,8.770000,-0.410000,-3.230000,-2.850000,1.070000,12.970000,17.310000,26.830000,12.920000,27.960000,34.980000,64.590000,80.130000,106.050000,103.980000,104.310000,103.400000,103.600000,104.440000,101.690000,97.330000,97.970000,96.470000,95.880000,96.090000,93.290000,99.140000,96.380000,101.180000,108.320000,109.020000,117.590000,117.680000,118.100000,115.790000,115.170000,101.980000,107.460000,103.730000,104.200000,106.460000,105.470000,108.820000,103.200000,97.810000,85.760000
88.430000,98.260000,90.870000,92.860000,88.830000,88.550000,90.600000,93.270000,91.220000,86.570000,97.720000,96.020000,113.210000,95.800000,104.900000,117.780000,116.840000,117.510000,104.710000,97.450000,99.140000,105.400000,95.370000,89.020000,96.290000,94.260000,96.610000,94.050000,101.640000,107.670000,132.190000,156.690000,156.010000,165.170000,162.260000,167.090000,167.830000,165.540000,164.560000,149.260000,138.730000,132.600000,114.290000,101.900000,105.600000,112.540000,105.760000,92.690000
94.620000,97.070000,93.140000,85.440000,92.170000,91.290000,87.790000,85.920000,88.110000,83.810000,85.700000,84.040000,88.170000,87.940000,94.520000,101.610000,98.270000,97.690000,96.980000,101.700000,98.860000,101.520000,95.000000,95.750000,95.120000,92.350000,92.610000,95.180000,95.740000,93.410000,98.770000,103.260000,107.860000,111.290000,114.700000,116.440000,115.380000,114.110000,114.780000,107.890000,109.990000,106.450000,99.760000,102.920000,109.030000,98.590000,91.650000,98.130000
108.250000,113.450000,112.540000,114.210000,117.340000,111.590000,110.660000,105.820000,99.400000,100.440000,102.320000,98.160000,110.600000,111.600000,119.090000,129.300000,132.680000,133.970000,137.990000,132.660000,124.790000,123.310000,108.050000,96.070000,98.800000,99.200000,96.910000,96.380000,103.110000,105.630000,118.930000,118.350000,118.980000,115.810000,122.160000,121.760000,121.990000,119.390000,115.560000,110.570000,100.410000,104.980000,102.610000,97.670000,97.820000,101.790000,100.610000,100.950000
99.600000,102.960000,102.020000,102.520000,99.840000,92.510000,99.500000,99.120000,102.910000,94.990000,104.190000,89.590000,116.250000,118.650000,124.350000,126.000000,122.390000,124.590000,115.140000,107.570000,100.300000,98.080000,91.610000,90.600000,89.250000,88.440000,92.550000,91.200000,94.040000,91.990000,104.830000,112.470000,114.470000,115.830000,117.880000,117.150000,110.790000,106.320000,97.640000,99.350000,99.080000,97.690000,102.960000,98.200000,93.960000,94.180000,81.060000,77.040000
74.880000,80.640000,75.870000,73.730000,81.770000,84.250000,79.800000,80.090000,82.630000,79.950000,84.140000,86.190000,86.420000,91.760000,108.840000,105.100000,106.710000,112.000000,112.500000,114.780000,112.330000,109.710000,108.670000,101.940000,96.820000,97.650000,96.940000,90.640000,100.420000,102.190000,113.170000,112.120000,114.250000,112.080000,110.240000,107.970000,108.610000,101.290000,93.810000,92.520000,94.100000,95.770000,97.870000,89.870000,92.340000,83.460000,89.190000,86.160000
83.410000,86.160000,84.580000,79.760000,68.990000,58.050000,59.130000,64.590000,68.430000,66.290000,66.580000,70.260000,81.650000,91.820000,90.090000,99.240000,85.930000,103.800000,100.200000,106.850000,111.010000,112.170000,117.210000,113.510000,109.500000,97.080000,95.100000,99.150000,98.790000,98.900000,103.810000,106.460000,115.460000,119.650000,123.010000,124.230000,122.360000,118.110000,114.130000,102.600000,102.590000,103.110000,97.350000,96.170000,92.760000,82.140000,80.260000,54.180000
53.430000,53.910000,54.770000,54.620000,48.090000,48.390000,63.990000,53.500000,80.800000,76.140000,72.850000,83.360000,105.870000,99.720000,101.450000,115.380000,111.640000,117.310000,111.740000,111.980000,108.520000,112.550000,111.990000,115.570000,110.410000,103.710000,113.330000,107.040000,114.110000,112.130000,108.600000,112.800000,101.910000,115.010000,133.050000,137.490000,130.730000,126.310000,110.590000,104.650000,109.530000,112.050000,109.050000,105.840000,104.370000,98.420000,92.550000,95.480000
92.840000,97.800000,97.540000,96.940000,98.580000,104.330000,106.300000,103.090000,104.210000,101.330000,115.510000,99.720000,115.590000,120.660000,137.820000,137.940000,135.090000,133.530000,127.510000,124.660000,118.990000,117.000000,123.610000,124.210000,125.790000,123.630000,137.480000,134.000000,143.250000,141.620000,157.960000,160.180000,168.700000,173.330000,170.750000,171.410000,170.690000,166.260000,131.020000,127.730000,123.550000,115.530000,111.930000,110.290000,104.750000,102.240000,97.690000,94.550000
90.840000,96.880000,96.760000,97.770000,93.110000,90.780000,92.400000,90.970000,90.530000,90.370000,106.680000,104.470000,128.670000,147.710000,170.770000,187.410000,164.680000,157.780000,147.360000,139.100000,138.640000,137.630000,132.250000,128.510000,139.310000,137.910000,131.730000,124.490000,124.540000,125.100000,128.920000,124.100000,146.120000,145.520000,136.050000,130.740000,129.170000,124.270000,108.260000,103.310000,100.440000,103.770000,101.000000,96.630000,98.530000,94.400000,92.370000,92.540000
82.190000,91.610000,94.660000,94.430000,92.610000,94.110000,88.420000,86.830000,88.080000,86.690000,99.570000,99.820000,102.420000,103.610000,106.310000,113.560000,111.730000,116.900000,94.750000,102.450000,102.430000,100.370000,94.150000,93.280000,98.500000,100.010000,104.510000,104.340000,99.480000,93.240000,100.490000,104.560000,107.460000,107.890000,103.840000,96.770000,94.490000,94.050000,90.020000,84.390000,78.230000,64.410000,63.970000,46.440000,36.820000,20.890000,13.460000,3.680000
2.980000,7.240000,1.560000,3.880000,16.010000,13.040000,7.000000,7.000000,7.980000,11.070000,48.000000,67.080000,74.380000,88.910000,97.620000,103.970000,104.850000,104.440000,90.660000,95.860000,93.600000,98.490000,89.720000,96.350000,101.510000,104.200000,99.800000,99.820000,98.880000,97.110000,107.840000,106.250000,111.150000,105.160000,112.350000,104.550000,110.760000,98.080000,90.420000,99.380000,90.230000,88.670000,82.770000,81.050000,77.970000,70.790000,65.820000,66.030000
56.560000,57.930000,54.100000,50.350000,44.910000,42.780000,39.100000,42.440000,46.490000,49.880000,32.120000,28.160000,32.000000,33.850000,30.160000,39.960000,32.220000,55.620000,86.040000,97.980000,101.190000,104.420000,112.440000,111.320000,110.710000,109.360000,107.540000,104.100000,104.000000,100.640000,92.400000,93.840000,101.950000,103.210000,104.140000,104.420000,99.910000,96.360000,90.060000,74.280000,71.420000,55.240000,52.510000,50.750000,54.700000,36.190000,48.950000,42.740000
32.450000,39.850000,31.310000,24.110000,21.950000,17.970000,9.070000,6.680000,20.240000,17.320000,11.170000,9.730000,9.550000,31.860000,26.400000,24.830000,21.200000,35.750000,33.000000,60.890000,66.520000,66.600000,70.270000,72.380000,80.730000,78.420000,90.970000,92.570000,91.840000,96.520000,102.900000,106.970000,109.540000,112.460000,113.760000,116.420000,116.650000,114.370000,100.000000,94.750000,94.550000,95.290000,98.050000,97.930000,82.120000,62.110000,39.050000,36.980000
34.190000,42.160000,27.350000,18.390000,16.150000,11.810000,5.070000,6.710000,7.320000,6.360000,20.630000,30.970000,72.560000,84.250000,93.820000,100.130000,101.920000,105.740000,118.470000,117.230000,118.010000,116.440000,118.980000,120.360000,117.070000,117.070000,114.120000,112.680000,112.500000,114.400000,118.540000,123.620000,129.430000,127.950000,127.410000,129.590000,130.180000,126.360000,130.630000,119.800000,113.690000,111.330000,104.880000,99.110000,94.240000,92.340000,92.880000,86.290000
89.400000,92.330000,88.090000,87.600000,84.310000,83.450000,81.080000,80.790000,80.840000,75.660000,83.670000,72.480000,90.390000,86.990000,96.820000,129.240000,123.160000,118.230000,96.470000,96.750000,94.670000,93.800000,91.660000,91.560000,98.380000,105.880000,111.890000,114.340000,117.700000,120.090000,149.830000,154.860000,145.370000,146.560000,156.190000,158.940000,161.370000,163.340000,137.100000,129.440000,122.630000,119.270000,116.690000,109.170000,110.860000,97.390000,92.660000,95.030000
101.640000,107.810000,93.860000,91.230000,82.690000,86.780000,95.950000,83.230000,87.120000,81.250000,84.360000,88.920000,92.590000,130.320000,174.460000,204.530000,162.720000,198.120000,208.910000,214.920000,208.560000,203.640000,180.750000,185.410000,194.820000,220.320000,221.830000,220.720000,215.300000,209.760000,256.440000,257.130000,308.820000,281.430000,238.660000,241.630000,262.950000,223.910000,157.420000,149.230000,163.080000,149.600000,132.960000,115.890000,129.840000,118.760000,110.880000,95.640000
101.980000,102.040000,95.880000,91.310000,88.280000,88.590000,97.180000,98.390000,99.000000,95.060000,102.150000,113.940000,109.580000,141.280000,166.410000,241.680000,243.570000,283.460000,276.050000,293.860000,302.250000,294.300000,287.820000,272.580000,238.350000,231.740000,256.890000,262.900000,283.560000,329.350000,327.040000,332.090000,342.170000,369.520000,316.500000,302.900000,280.490000,247.820000,160.680000,146.770000,137.980000,127.490000,138.690000,110.520000,124.930000,107.810000,117.140000,96.330000
97.960000,103.430000,94.270000,86.520000,87.580000,83.860000,78.140000,77.460000,81.510000,79.340000,87.030000,86.900000,110.830000,132.580000,135.560000,147.020000,139.940000,150.110000,134.990000,137.820000,147.640000,143.000000,142.920000,142.900000,137.570000,134.570000,135.950000,133.510000,141.670000,138.030000,145.020000,149.580000,143.670000,142.840000,142.980000,140.300000,132.260000,130.950000,112.680000,107.490000,109.890000,96.960000,99.060000,92.150000,94.890000,97.330000,95.840000,103.850000
98.410000,95.980000,88.770000,83.500000,93.150000,85.800000,79.730000,67.290000,76.280000,77.780000,83.680000,84.320000,87.910000,98.530000,104.420000,109.710000,94.960000,98.540000,98.210000,90.220000,93.650000,91.110000,97.670000,91.840000,88.180000,84.450000,74.960000,79.110000,75.360000,83.140000,82.680000,91.210000,97.910000,98.090000,99.410000,99.030000,94.420000,87.610000,84.990000,84.070000,84.140000,81.560000,83.480000,78.790000,72.770000,62.670000,49.270000,46.920000
50.560000,53.270000,60.010000,50.980000,50.740000,41.760000,43.620000,34.130000,38.250000,34.620000,33.260000,30.460000,34.150000,42.700000,30.870000,44.730000,49.360000,59.690000,61.800000,66.610000,61.370000,60.260000,58.050000,58.880000,50.890000,55.940000,55.220000,53.160000,52.900000,49.960000,51.000000,63.060000,73.430000,81.150000,87.550000,89.860000,86.970000,74.380000,61.690000,55.000000,63.330000,40.250000,44.000000,19.570000,22.340000,6.080000,3.280000,0.570000
7.730000,10.250000,9.960000,8.080000,11.460000,6.410000,9.140000,7.390000,7.530000,17.050000,22.320000,43.010000,69.350000,77.970000,91.480000,98.490000,97.870000,99.990000,93.380000,91.690000,90.180000,86.800000,78.340000,71.530000,71.580000,74.090000,74.100000,76.850000,83.270000,80.970000,89.040000,90.690000,95.520000,101.540000,104.650000,103.410000,102.430000,100.510000,91.280000,92.290000,88.930000,86.830000,84.000000,85.420000,82.550000,77.330000,47.860000,43.980000
44.580000,45.380000,54.260000,60.930000,57.490000,63.160000,71.430000,71.710000,77.420000,77.250000,97.080000,92.440000,90.320000,91.660000,101.380000,108.090000,102.580000,103.010000,100.820000,98.240000,90.400000,81.700000,93.310000,89.120000,88.400000,82.940000,88.170000,77.900000,82.090000,82.840000,89.250000,90.950000,97.050000,96.760000,89.420000,93.940000,93.470000,91.960000,84.280000,82.450000,85.210000,76.630000,75.320000,53.760000,44.500000,35.870000,27.560000,13.720000
19.200000,25.830000,16.860000,13.110000,20.790000,14.990000,4.130000,2.670000,3.650000,1.920000,3.310000,8.520000,30.150000,53.030000,45.560000,57.180000,51.890000,59.510000,49.150000,49.330000,53.920000,52.450000,53.570000,48.570000,51.790000,57.860000,53.970000,66.270000,64.520000,73.940000,84.950000,82.800000,79.450000,90.470000,95.780000,98.860000,103.080000,104.540000,98.350000,92.930000,94.260000,91.630000,84.530000,84.050000,85.270000,80.120000,72.460000,48.910000
36.540000,17.900000,7.820000,-4.240000,-2.630000,-5.420000,-10.220000,-12.270000,-8.220000,-7.470000,1.570000,11.630000,22.210000,50.810000,36.390000,65.030000,81.740000,81.130000,87.110000,87.140000,83.860000,66.830000,64.750000,56.740000,51.450000,48.180000,43.810000,50.530000,57.310000,66.220000,63.480000,75.340000,82.320000,92.490000,95.580000,97.760000,96.160000,93.940000,97.280000,97.990000,98.050000,94.150000,96.680000,98.980000,97.020000,91.040000,81.580000,69.440000
79.260000,76.280000,74.810000,64.610000,47.050000,41.250000,55.920000,45.410000,59.950000,52.390000,78.720000,82.920000,97.680000,102.400000,102.850000,107.220000,106.150000,107.180000,103.960000,102.000000,93.930000,87.650000,75.880000,71.910000,78.910000,83.960000,80.660000,75.070000,79.840000,68.650000,57.360000,81.120000,84.820000,86.630000,92.870000,92.420000,86.550000,85.590000,72.990000,61.400000,69.930000,72.180000,73.960000,61.420000,44.470000,27.130000,15.750000,5.790000
6.130000,5.670000,9.370000,4.470000,9.530000,6.570000,7.430000,3.010000,7.310000,0.750000,1.640000,2.870000,1.550000,8.230000,11.560000,17.060000,12.590000,20.600000,14.280000,24.060000,18.310000,17.570000,17.700000,19.040000,13.410000,12.400000,13.490000,11.370000,14.560000,14.740000,18.240000,23.250000,21.290000,29.100000,28.660000,26.100000,23.200000,13.020000,11.950000,5.320000,9.680000,3.680000,10.670000,3.410000,3.250000,0.850000,1.350000,-6.830000
6.640000,10.570000,1.830000,-2.920000,1.950000,-0.940000,0.000000,-2.610000,-1.320000,-1.310000,-2.110000,-0.860000,3.790000,7.610000,17.970000,32.560000,48.980000,61.890000,47.880000,62.780000,56.860000,53.320000,47.160000,42.440000,37.350000,37.510000,28.780000,28.880000,39.510000,44.160000,53.860000,65.280000,71.140000,82.510000,85.270000,85.430000,87.330000,83.300000,88.960000,81.210000,83.510000,76.160000,71.100000,62.600000,67.640000,53.140000,56.030000,35.100000
17.240000,25.950000,18.080000,17.080000,29.210000,27.300000,14.440000,21.990000,19.640000,23.000000,27.350000,52.980000,60.670000,93.930000,98.090000,101.900000,101.250000,99.750000,96.360000,99.650000,94.690000,94.760000,102.130000,101.820000,99.590000,95.790000,93.870000,90.960000,86.090000,82.870000,89.820000,98.610000,96.030000,97.340000,100.140000,100.720000,103.260000,100.410000,93.300000,89.990000,85.900000,84.990000,92.160000,94.030000,86.540000,79.010000,71.400000,58.690000
77.430000,80.550000,80.080000,70.030000,75.360000,75.570000,84.770000,81.660000,81.920000,78.850000,86.720000,85.240000,90.690000,96.160000,99.650000,109.460000,106.100000,109.250000,103.170000,100.570000,102.700000,99.460000,96.460000,99.260000,97.700000,97.900000,97.810000,94.090000,95.130000,92.710000,100.520000,104.310000,104.820000,110.410000,107.780000,107.900000,107.640000,103.020000,101.620000,101.340000,98.290000,87.430000,85.090000,77.640000,77.220000,69.460000,77.220000,67.960000
73.760000,81.140000,77.050000,72.330000,72.220000,63.250000,67.670000,65.430000,73.490000,70.820000,68.920000,69.970000,63.060000,62.650000,68.460000,74.020000,60.850000,78.620000,71.860000,74.200000,76.140000,83.950000,96.450000,103.430000,109.460000,111.840000,114.370000,116.060000,116.420000,116.370000,118.320000,115.160000,108.530000,103.960000,106.800000,101.810000,105.460000,98.410000,91.870000,91.750000,88.710000,88.850000,94.810000,94.690000,93.000000,95.090000,87.280000,85.570000
79.760000,87.410000,87.280000,86.610000,84.450000,85.710000,83.930000,82.790000,78.940000,76.530000,70.900000,67.240000,79.860000,72.950000,93.170000,103.410000,87.180000,97.100000,99.240000,108.870000,111.550000,110.150000,116.390000,118.360000,120.080000,120.990000,122.130000,124.100000,122.890000,121.600000,122.960000,124.270000,122.590000,125.460000,128.130000,127.570000,127.490000,124.930000,117.610000,116.340000,113.580000,110.960000,106.020000,106.670000,108.270000,110.010000,108.570000,101.080000
100.280000,100.590000,96.200000,91.200000,93.450000,90.740000,91.840000,87.640000,89.980000,85.540000,100.490000,94.450000,109.010000,100.020000,100.250000,101.830000,95.430000,100.500000,95.010000,106.220000,98.510000,101.480000,106.820000,105.450000,108.580000,113.630000,116.530000,116.400000,121.500000,120.800000,135.830000,136.060000,142.310000,145.510000,147.010000,147.150000,148.730000,141.420000,130.820000,123.890000,122.470000,119.630000,117.420000,115.370000,111.010000,109.390000,109.150000,112.360000
105.020000,105.420000,100.660000,96.960000,95.410000,92.260000,98.870000,97.150000,96.000000,94.390000,96.590000,95.880000,108.380000,97.350000,114.040000,119.580000,113.120000,120.950000,108.560000,109.940000,106.860000,107.290000,104.930000,102.800000,102.160000,101.950000,105.430000,102.160000,112.410000,103.440000,115.810000,109.790000,125.370000,131.430000,130.600000,128.780000,119.890000,114.310000,108.560000,102.340000,100.900000,102.940000,103.520000,104.810000,104.870000,102.520000,97.560000,87.370000
83.580000,94.860000,90.500000,91.540000,83.340000,73.730000,78.200000,77.170000,86.390000,82.470000,84.080000,83.140000,85.620000,81.880000,101.970000,102.650000,84.590000,98.460000,102.560000,103.370000,100.060000,100.660000,102.530000,100.520000,98.550000,99.770000,99.060000,98.560000,95.780000,93.380000,103.130000,103.020000,107.850000,116.050000,117.700000,117.920000,117.730000,115.240000,107.580000,99.530000,100.430000,97.120000,93.240000,84.170000,70.770000,60.430000,65.640000,47.250000
45.250000,49.170000,37.830000,30.410000,27.060000,27.190000,24.020000,23.080000,22.320000,16.070000,22.010000,31.140000,31.620000,45.040000,86.580000,85.290000,81.810000,98.130000,98.990000,98.850000,96.180000,94.220000,98.420000,97.300000,93.500000,96.500000,97.950000,97.380000,97.650000,101.410000,109.330000,109.960000,118.830000,125.620000,126.880000,127.450000,128.060000,126.820000,118.000000,110.360000,109.690000,104.360000,109.160000,106.960000,106.540000,74.630000,37.090000,24.180000
17.680000,14.530000,12.570000,3.340000,3.690000,1.890000,-2.050000,-7.800000,-4.030000,-6.500000,-10.540000,-6.540000,-0.630000,11.280000,21.550000,25.940000,26.200000,35.550000,28.390000,39.810000,35.700000,36.430000,51.200000,53.670000,47.340000,51.120000,50.890000,54.640000,61.740000,62.480000,58.980000,64.490000,73.040000,88.420000,91.290000,86.580000,72.490000,54.870000,47.410000,26.160000,28.530000,16.830000,15.980000,7.280000,7.730000,0.810000,-1.050000,5.050000
9.070000,23.510000,9.110000,8.940000,29.650000,17.910000,11.740000,6.200000,7.010000,4.320000,3.270000,3.440000,1.840000,4.630000,-1.500000,-2.250000,-6.350000,-2.900000,-14.330000,1.840000,-3.340000,16.960000,10.530000,25.490000,45.570000,60.240000,82.290000,85.570000,87.180000,90.240000,97.490000,112.250000,119.720000,121.250000,125.790000,126.730000,125.660000,125.690000,125.560000,120.950000,109.700000,106.870000,106.000000,110.840000,111.040000,108.130000,107.770000,106.050000
110.400000,112.240000,110.880000,108.630000,106.890000,98.160000,101.200000,98.650000,87.390000,85.230000,84.690000,86.890000,99.510000,86.530000,118.110000,126.670000,121.620000,123.010000,115.300000,116.890000,116.210000,110.050000,112.430000,107.500000,99.140000,98.200000,97.910000,103.610000,110.980000,109.340000,116.720000,124.160000,127.120000,133.050000,135.830000,137.730000,133.870000,120.560000,110.160000,100.340000,98.150000,99.620000,101.460000,101.040000,100.700000,97.270000,90.460000,77.610000
77.970000,79.020000,77.940000,75.270000,72.190000,65.520000,59.360000,55.400000,59.280000,56.850000,61.350000,61.980000,75.890000,74.160000,78.500000,85.650000,85.690000,89.840000,88.370000,94.280000,89.720000,87.540000,87.730000,89.690000,87.610000,87.910000,88.960000,84.400000,85.060000,86.560000,92.320000,97.130000,106.790000,108.050000,110.820000,120.420000,124.530000,127.300000,137.570000,137.930000,134.900000,124.070000,118.670000,112.040000,116.990000,114.380000,102.690000,101.040000
97.440000,102.000000,98.690000,95.840000,97.690000,99.300000,92.830000,90.830000,94.070000,92.060000,97.760000,92.780000,96.480000,99.800000,102.390000,100.270000,102.620000,107.800000,98.990000,101.930000,100.160000,101.650000,108.420000,113.520000,102.910000,106.650000,115.190000,115.220000,115.100000,115.790000,115.920000,121.100000,131.840000,133.320000,136.530000,138.360000,139.010000,130.700000,121.310000,106.300000,110.110000,107.260000,108.810000,109.020000,108.360000,106.990000,98.290000,100.940000
109.250000,109.360000,103.820000,105.100000,109.600000,104.140000,100.670000,91.670000,85.370000,81.200000,77.840000,78.280000,83.240000,88.740000,105.370000,103.990000,113.790000,113.020000,114.840000,118.360000,117.480000,118.280000,115.490000,111.950000,117.550000,120.250000,123.420000,122.480000,120.100000,120.180000,121.300000,127.390000,132.960000,138.310000,140.740000,141.270000,139.740000,136.440000,127.820000,124.340000,117.030000,109.460000,108.720000,111.620000,108.550000,97.140000,76.650000,69.630000
77.500000,97.020000,97.250000,101.060000,102.650000,87.220000,81.530000,69.570000,49.980000,44.450000,43.080000,56.170000,82.550000,93.360000,107.080000,100.280000,107.030000,108.230000,117.820000,118.750000,118.480000,111.930000,106.040000,107.030000,111.420000,109.720000,110.520000,110.000000,110.400000,106.740000,105.460000,106.420000,106.750000,112.400000,107.280000,109.440000,111.700000,112.010000,110.440000,95.380000,97.230000,100.050000,101.030000,98.400000,99.030000,100.400000,100.910000,101.820000
100.590000,104.050000,106.030000,107.210000,108.420000,109.010000,106.270000,102.220000,96.310000,96.020000,89.850000,88.100000,97.700000,97.540000,111.870000,119.370000,124.360000,124.980000,126.550000,126.570000,126.040000,123.760000,117.140000,115.510000,113.590000,112.570000,104.500000,103.790000,103.180000,101.150000,102.000000,104.250000,108.790000,119.140000,114.550000,114.560000,112.680000,107.840000,110.900000,101.890000,83.450000,83.810000,86.570000,84.340000,83.390000,79.510000,65.250000,54.960000
55.060000,56.660000,55.860000,53.820000,54.930000,56.860000,51.710000,53.650000,61.250000,64.160000,72.380000,65.450000,86.840000,88.500000,84.770000,95.330000,106.220000,128.370000,158.040000,167.550000,168.850000,175.150000,182.950000,187.550000,214.420000,367.460000,622.950000,630.120000,654.190000,576.380000,871.930000,932.850000,977.920000,1352.900000,1309.120000,1285.630000,1051.130000,979.140000,433.010000,317.090000,234.630000,217.160000,166.440000,142.460000,132.880000,127.090000,112.170000,109.420000
118.320000,122.380000,124.440000,113.160000,109.920000,105.630000,97.790000,89.100000,96.210000,94.420000,90.070000,91.070000,100.930000,97.840000,112.900000,125.810000,127.750000,130.280000,134.840000,135.050000,132.700000,125.960000,117.690000,118.480000,115.870000,114.180000,110.300000,107.460000,106.370000,105.520000,103.160000,109.620000,110.260000,111.730000,101.550000,106.490000,112.440000,108.970000,99.340000,94.290000,94.010000,94.200000,84.060000,88.770000,86.470000,80.440000,72.560000,76.690000
70.300000,74.310000,87.780000,91.170000,80.590000,81.490000,77.170000,76.390000,78.690000,77.700000,91.450000,90.790000,99.790000,113.000000,114.370000,123.040000,142.920000,140.860000,139.660000,131.710000,133.430000,132.470000,121.170000,117.400000,128.030000,120.520000,118.220000,116.390000,110.610000,109.800000,124.210000,128.290000,127.990000,141.130000,142.720000,142.720000,140.720000,132.140000,131.910000,129.270000,121.440000,112.050000,115.160000,111.030000,105.920000,106.080000,115.790000,104.470000
103.610000,108.860000,99.900000,101.080000,106.500000,99.790000,98.270000,95.040000,89.290000,89.900000,91.770000,90.260000,96.460000,96.330000,102.990000,95.310000,91.870000,112.630000,109.940000,112.190000,107.850000,98.720000,92.650000,92.550000,93.900000,95.270000,93.840000,95.220000,93.720000,96.650000,100.410000,103.800000,123.870000,147.750000,147.410000,147.730000,152.740000,151.250000,135.690000,121.030000,114.230000,105.940000,108.130000,105.920000,108.860000,104.550000,106.880000,110.030000
113.810000,119.570000,118.400000,106.920000,100.890000,101.380000,101.600000,98.980000,96.290000,93.460000,90.770000,87.460000,86.630000,86.610000,90.830000,99.070000,95.400000,103.870000,110.490000,115.470000,119.480000,121.370000,125.060000,121.830000,121.980000,120.120000,119.460000,107.150000,101.310000,104.610000,118.720000,119.680000,123.010000,126.300000,126.100000,125.340000,127.240000,121.770000,121.630000,107.930000,102.190000,101.480000,104.050000,98.170000,96.500000,92.750000,75.660000,91.070000
94.390000,93.550000,83.910000,79.540000,83.710000,78.120000,89.580000,87.990000,86.910000,86.050000,93.850000,90.640000,96.000000,91.270000,101.890000,105.560000,108.480000,112.030000,104.130000,97.810000,95.940000,92.110000,83.110000,85.480000,91.250000,85.470000,88.150000,87.550000,86.090000,84.170000,100.650000,101.130000,110.640000,115.830000,125.970000,126.090000,123.870000,120.320000,116.650000,108.480000,102.070000,100.610000,105.130000,98.840000,93.050000,93.440000,83.790000,83.490000
80.600000,81.890000,87.380000,84.530000,86.600000,84.610000,86.190000,82.510000,81.140000,79.120000,80.520000,81.540000,92.000000,85.690000,96.370000,104.750000,110.190000,113.540000,95.900000,99.150000,90.380000,93.160000,91.790000,93.850000,91.520000,92.340000,89.190000,90.530000,94.160000,94.360000,118.000000,127.380000,116.080000,122.640000,137.900000,133.050000,130.090000,128.430000,128.910000,121.520000,113.390000,102.490000,97.740000,95.100000,96.260000,92.210000,94.360000,91.360000
87.990000,90.250000,90.420000,88.900000,88.960000,89.470000,89.130000,86.110000,85.370000,84.600000,87.660000,89.660000,99.290000,93.830000,108.550000,115.200000,120.050000,124.260000,124.840000,124.290000,119.030000,114.540000,104.540000,103.110000,103.150000,103.090000,101.360000,101.470000,102.590000,103.260000,111.070000,114.310000,124.960000,125.690000,129.460000,136.660000,138.580000,133.060000,130.800000,126.000000,127.400000,122.780000,117.830000,116.220000,108.370000,106.940000,113.320000,116.070000
100.910000,103.380000,100.660000,97.070000,93.420000,91.340000,94.670000,90.880000,89.280000,89.860000,95.430000,95.850000,105.670000,117.690000,139.020000,140.490000,135.850000,140.730000,129.210000,125.430000,123.130000,111.260000,112.420000,109.020000,111.780000,111.050000,108.990000,109.050000,112.210000,111.350000,114.160000,122.930000,123.910000,121.680000,135.010000,132.910000,130.740000,126.620000,119.270000,110.980000,104.980000,106.810000,99.450000,98.480000,94.120000,93.870000,92.310000,88.920000
93.130000,100.270000,97.140000,93.200000,91.620000,90.960000,95.200000,88.960000,88.950000,89.040000,91.600000,89.210000,104.380000,94.590000,99.910000,113.760000,118.770000,125.780000,129.170000,131.030000,131.010000,130.270000,129.340000,128.300000,123.840000,123.630000,121.670000,121.040000,120.730000,116.800000,130.090000,135.800000,145.860000,148.650000,157.730000,155.700000,156.040000,145.210000,128.960000,127.800000,122.080000,115.120000,118.310000,114.000000,106.540000,108.010000,103.900000,97.040000
94.410000,95.990000,99.450000,94.450000,93.290000,91.810000,90.210000,89.540000,91.110000,95.030000,93.130000,94.530000,96.820000,96.200000,103.560000,100.240000,97.670000,101.600000,96.250000,102.910000,109.460000,112.160000,108.980000,114.450000,110.760000,103.730000,111.550000,109.630000,109.900000,110.630000,129.330000,135.180000,136.730000,144.660000,150.870000,152.640000,147.620000,142.530000,124.300000,110.140000,119.680000,110.830000,110.740000,110.320000,107.290000,106.520000,102.000000,99.260000
92.460000,102.440000,112.220000,106.860000,100.280000,99.790000,100.450000,94.760000,98.220000,97.070000,97.140000,97.950000,96.620000,96.000000,102.680000,108.700000,103.660000,122.750000,108.420000,115.950000,113.310000,114.970000,120.450000,125.700000,124.940000,133.420000,141.300000,139.080000,135.170000,130.820000,125.200000,139.630000,140.960000,141.970000,149.190000,152.820000,149.710000,148.250000,138.460000,122.470000,126.460000,112.140000,130.430000,104.380000,108.360000,99.840000,99.670000,99.160000
96.500000,98.180000,96.800000,93.100000,95.550000,90.890000,93.350000,98.770000,99.680000,97.170000,100.200000,100.490000,114.370000,135.770000,190.440000,218.410000,182.490000,203.810000,178.770000,181.280000,193.510000,194.270000,173.830000,171.350000,189.060000,180.660000,185.100000,178.980000,190.470000,187.100000,216.770000,216.200000,201.650000,230.050000,237.890000,269.630000,202.900000,195.590000,166.790000,157.140000,143.650000,130.460000,132.360000,110.740000,118.580000,109.000000,119.690000,107.760000
112.480000,117.730000,107.580000,103.560000,104.220000,103.570000,99.310000,103.310000,104.200000,101.280000,101.540000,101.120000,122.100000,134.620000,133.720000,142.880000,163.740000,165.080000,156.330000,157.790000,148.170000,147.230000,123.050000,118.180000,126.010000,131.590000,138.150000,144.780000,135.430000,156.580000,186.930000,190.240000,182.270000,210.980000,221.620000,217.630000,206.310000,198.750000,169.410000,161.360000,177.250000,154.770000,143.210000,119.690000,121.150000,112.260000,101.380000,107.410000
109.090000,107.040000,102.360000,101.630000,97.540000,97.660000,93.820000,90.380000,96.060000,97.040000,95.730000,92.790000,104.670000,128.530000,167.700000,189.550000,199.490000,222.760000,192.630000,181.540000,163.850000,154.310000,175.000000,170.820000,178.070000,170.850000,193.700000,195.310000,188.460000,188.630000,191.460000,198.840000,217.130000,272.580000,255.610000,233.780000,236.650000,223.460000,177.780000,156.440000,152.600000,146.440000,126.410000,115.090000,110.080000,105.520000,105.100000,107.180000
107.680000,113.010000,110.210000,104.710000,104.740000,101.450000,96.960000,94.540000,94.640000,97.630000,98.630000,96.060000,103.660000,126.760000,129.430000,138.590000,136.520000,134.120000,132.520000,128.000000,124.530000,124.980000,118.530000,112.390000,114.570000,116.990000,113.690000,107.850000,106.170000,105.370000,107.210000,112.370000,114.810000,125.500000,133.320000,134.250000,134.060000,134.200000,122.800000,117.540000,110.070000,103.650000,115.870000,109.190000,99.940000,96.060000,87.510000,70.060000
71.560000,70.500000,57.170000,36.130000,21.460000,15.430000,13.450000,9.980000,7.670000,6.320000,26.030000,51.230000,63.000000,81.410000,98.350000,113.090000,114.320000,115.930000,118.220000,117.860000,121.090000,119.390000,117.880000,113.770000,109.910000,107.510000,99.620000,98.490000,97.410000,97.990000,99.500000,102.450000,103.350000,113.890000,120.700000,121.160000,122.550000,123.400000,117.660000,114.080000,110.930000,109.620000,105.310000,100.030000,96.760000,84.550000,52.450000,42.580000
33.780000,37.750000,30.750000,23.900000,19.330000,18.690000,17.340000,18.460000,21.940000,24.970000,19.370000,12.340000,16.980000,19.410000,40.610000,53.320000,57.360000,67.270000,80.780000,80.440000,84.600000,85.590000,87.600000,89.120000,87.960000,89.800000,93.740000,100.240000,102.610000,105.820000,124.490000,130.150000,134.940000,141.190000,144.610000,148.260000,147.450000,143.260000,121.810000,107.380000,103.480000,107.750000,108.130000,107.060000,105.480000,104.940000,104.950000,105.360000
100.540000,106.430000,107.100000,106.530000,104.190000,102.750000,95.630000,90.760000,86.120000,81.710000,88.200000,89.890000,77.600000,67.980000,74.200000,75.830000,70.090000,53.200000,58.950000,83.980000,93.010000,98.790000,109.990000,110.410000,119.240000,121.040000,124.750000,127.200000,120.670000,113.570000,115.070000,118.930000,122.510000,126.250000,126.740000,127.170000,122.990000,116.220000,106.020000,98.430000,91.740000,92.050000,78.770000,70.400000,64.810000,41.310000,24.200000,21.550000
19.520000,26.030000,21.510000,21.320000,20.780000,28.900000,25.400000,22.420000,20.530000,25.650000,62.310000,82.190000,86.420000,95.620000,111.510000,124.030000,119.420000,107.960000,107.760000,100.780000,97.170000,92.730000,84.000000,81.780000,81.280000,87.150000,84.730000,84.290000,86.990000,89.570000,95.470000,98.630000,98.430000,106.760000,111.270000,110.690000,110.170000,105.730000,98.690000,100.690000,101.800000,98.630000,97.000000,96.500000,95.730000,90.220000,77.790000,76.890000
79.080000,81.950000,74.800000,60.050000,54.970000,43.130000,32.430000,24.950000,10.090000,11.190000,9.760000,17.400000,78.670000,89.410000,104.900000,104.500000,101.600000,97.970000,94.420000,93.190000,92.990000,94.360000,94.100000,93.600000,94.740000,96.380000,103.680000,102.410000,99.500000,97.480000,103.360000,109.340000,108.700000,118.320000,116.220000,117.190000,117.830000,114.200000,107.640000,111.540000,110.960000,104.710000,105.020000,103.980000,105.960000,95.870000,76.210000,73.660000
71.570000,71.600000,61.770000,47.820000,54.620000,56.860000,50.250000,53.820000,49.170000,49.850000,61.310000,69.560000,100.220000,110.270000,115.830000,112.330000,99.840000,105.140000,116.660000,113.560000,114.910000,114.810000,116.910000,111.870000,109.370000,103.690000,102.590000,104.870000,109.070000,111.330000,116.390000,121.070000,124.130000,133.480000,137.760000,139.750000,132.480000,132.270000,127.690000,114.970000,115.620000,119.290000,109.620000,111.350000,110.490000,104.880000,98.940000,91.740000
